playerID,yearID,teamID,POS,salary
aardsda01,2015,ATL,P,500000
aasedo01,1990,LAN,P,400000
abadan01,2003,BOS,OF,327000
abadfe01,2023,COL,P,1250000
abbotje01,2001,FLO,OF,300000
abbotji01,1999,MIL,P,400000
abbotku01,2001,ATL,SS,600000
abbotky01,1996,CAL,P,150000
abbotpa01,2004,PHI,P,600000
abercre01,2008,HOU,OF,327000
abernbr01,2005,MIN,OF,300000
abnersh01,1992,CHA,OF,297500
abreubo01,2014,NYN,OF,9000000
abreujo02,2024,HOU,1B,11666667
abreuto01,2014,SFN,3B,745000
accarje01,2012,OAK,P,1080000
aceveal01,2014,NYA,P,2650000
acevejo01,2005,COL,P,340000
aceveju01,2003,TOR,P,900000
ackerji01,1992,SEA,P,275000
ackledu01,2016,NYA,OF,3200000
acostma01,2012,NYN,P,875000
acrema01,1997,OAK,P,165000
adamecr01,2019,SFN,3B,509500
adamsau01,2019,DET,P,507700
adamsda02,2013,NYA,3B,540000
adamsjo02,1998,ARI,P,210000
adamsma01,2021,COL,1B,1650000
adamsmi03,2014,PHI,P,7000000
adamsru01,2009,TOR,OF,343000
adamste01,2005,PHI,P,500000
adamswi02,1997,OAK,P,177000
adcocna01,2015,CIN,P,414000
adducji01,1989,PHI,OF,70000
adducji02,2019,CHN,OF,501000
adenhni01,2009,LAA,P,400000
adkinjo01,2008,CIN,P,301000
adriaeh01,2024,LAA,3B,512500
afenitr01,1992,CIN,C,130000
affelje01,2015,SFN,P,6000000
agbaybe01,2002,BOS,OF,600000
agostju01,1993,HOU,P,1666667
aguaylu01,1989,CLE,SS,275000
aguilch01,2008,NYN,OF,327000
aguilri01,2000,CHN,P,3500000
ahmedni01,2025,TEX,SS,521600
ainswku01,2004,BAL,P,322500
akerfda01,1991,PHI,P,165000
albaljo01,2012,ARI,P,403075
alberha01,2023,CHA,P,511500
alberjo01,1997,TEX,P,109000
alberma01,2019,MIL,P,2000000
albural01,2017,CHA,P,1725000
alcanar01,2017,CIN,SS,510000
aldremi01,1996,NYA,P,250000
aldresc01,2000,PHI,P,600000
aldrico01,2010,LAA,OF,200000
aldrija01,1990,BAL,P,62500
alexado01,1989,DET,P,1000000
alexama02,2006,SDN,SS,612500
alfonan01,2007,PHI,P,380000
alfoned01,2006,TOR,2B,8000000
alfonel01,2011,COL,C,382000
alicelu01,2002,KCA,SS,800000
allanan01,1995,CAL,C,150000
allenbr01,2012,TBA,OF,482500
allench01,2005,TEX,OF,380000
allenco01,2019,LAA,P,4150000
allenje01,1999,NYN,OF,284000
allenne01,1989,CLE,P,325000
allrebe01,1991,CLE,OF,102500
almanar01,2005,ARI,P,500000
almanca01,2005,TEX,P,1100000
almonbi01,1988,PHI,SS,250000
almoner01,2011,MIL,OF,414000
almonzo01,2014,NYA,OF,511300
alomaro01,2004,CHA,2B,1000000
alomasa02,2007,NYN,C,650000
alonsyo01,2019,COL,1B,2650000
aloumo01,2008,NYN,OF,7500000
alstoga01,1996,COL,P,152000
altheaa01,2019,NYN,OF,515500
altuvjo01,2025,HOU,OF,3687500
alvarga01,2000,SDN,OF,170000
alvarhe01,2017,PHI,P,4250000
alvarjo01,1989,ATL,P,125000
alvarjo02,2022,SFN,P,507500
alvarpe01,2018,BAL,3B,5731704
alvarrj01,2022,NYN,P,510000
alvarta01,1996,MON,P,109000
alvarwi01,2005,LAN,P,2000000
amarari01,2000,BAL,OF,500000
amarial01,2017,COL,SS,1150000
amaroru02,1998,PHI,OF,265000
ambrihe01,2014,SDN,P,493400
amezaal01,2011,FLO,OF,1300000
anderal02,1991,MIN,P,785000
anderbr01,2002,CLE,OF,200000
anderbr02,2005,KCA,P,3250000
anderbr03,2009,BOS,OF,440000
anderbr04,2021,MIL,P,15800000
anderch01,2024,TEX,P,520200
anderco01,2019,CLE,P,511400
anderda02,1992,LAN,SS,350000
anderga01,2010,LAN,OF,550000
anderja01,2005,NYA,P,300000
anderji02,2004,BOS,P,600000
anderjo03,2009,KCA,OF,400000
anderke01,1990,CAL,SS,105000
anderla02,1994,PHI,P,350000
anderma01,2005,COL,P,3200000
anderma02,2008,NYN,OF,1150000
anderty01,2025,LAA,P,509500
andinro01,2016,MIA,SS,1600000
andresh01,2002,BOS,OF,1000000
andrima01,2024,MIA,P,507500
andruel01,2023,CHA,SS,15333333
andujjo01,1988,HOU,P,450000
andujlu01,1998,TOR,P,170000
ankieri01,2013,NYN,OF,1250000
anthoer01,1997,LAN,OF,1025000
aokino01,2017,NYN,OF,5500000
appieke01,2004,KCA,P,300000
aquingr01,2009,CLE,P,500000
aquinlu01,1995,SFN,P,420000
archech01,2022,MIN,P,2916667
arciaos01,2016,SDN,OF,535000
ardoida01,2008,LAN,C,335000
arenano01,2025,SLN,3B,5000000
arencjp01,2015,TBA,C,1800000
ariasal01,2002,NYA,SS,550000
ariasal02,2009,HOU,P,439500
ariasge01,1999,SDN,3B,215000
ariasjo01,2015,SFN,SS,1450000
armasto01,1989,CAL,OF,525000
armasto02,2008,NYN,P,3000000
armstja01,1994,TEX,P,1150000
arnolto01,1987,BAL,P,62500
arnsbbr01,1992,CLE,P,150000
arochre01,1997,SFN,P,195000
arredjo01,2012,CIN,P,800000
arrieja01,2021,SDN,P,10700000
arrojro01,2002,BOS,P,1900000
arroybr01,2017,CIN,P,9500000
arrueer01,2014,LAN,SS,3000000
ascanjo01,2011,PIT,P,416000
ascheco01,2017,CHA,OF,530000
asencmi01,2006,COL,P,350000
ashbyal01,1989,HOU,C,450000
ashbyan01,2004,SDN,P,8500000
ashlebi01,1998,BOS,OF,275000
assenpa01,1999,CLE,P,1507000
astacpe01,2006,WAS,P,750000
atchisc01,2015,CLE,P,900000
atherke01,1989,CLE,P,345000
atkinga01,2010,BAL,1B,4000000
augenbr01,2011,SLN,P,414000
augusdo01,1991,ML4,P,170000
aumonph01,2015,PHI,P,500000
aurilri01,2009,SFN,3B,1000000
ausanjo01,1995,NYA,P,110000
ausmubr01,2010,LAN,C,850000
austije01,2003,CIN,P,205000
austiji02,1993,ML4,P,150000
avenbr01,2002,CLE,OF,320000
averyst01,2003,DET,P,750000
avilaal01,2021,WAS,C,2500000
avilalu01,2021,WAS,P,530000
avilemi01,2017,MIA,SS,2000000
axelrdy01,2015,CIN,P,493000
axforjo01,2021,MIL,P,4500000
ayalabe01,1985,CLE,OF,303333
ayalabo01,1999,CHN,P,1800000
ayalalu01,2013,ATL,P,1000000
aybarer01,2017,SDN,SS,8500000
aybarma01,2005,NYN,P,425000
aybarwi01,2010,TBA,3B,1350000
ayraubo01,1993,SEA,P,125000
azocaos01,1992,SDN,OF,120000
backebr01,2009,HOU,P,1550000
backmwa01,1993,SEA,3B,650000
bacsimi02,2007,WAS,P,302500
badenbu01,2015,CIN,P,1000000
baekch01,2008,SDN,P,429900
baergca01,2005,WAS,3B,1000000
baezbe01,2001,FLO,P,202000
baezda01,2011,PHI,P,2750000
baezja01,2025,DET,SS,512000
baezpe01,2022,HOU,P,520000
bagweje01,2005,HOU,1B,19369019
bailean01,2017,LAA,P,4100000
baileco01,2002,KCA,P,320000
baileho02,2020,MIN,P,18000000
bailema01,1992,SFN,C,100000
bailero01,1997,COL,P,355000
bailesc01,1998,TEX,P,210000
bailobo01,1985,LAN,SS,375000
baineha01,1997,CHA,OF,1000000
bairdo01,1990,PIT,P,325000
bakerdo01,1990,MIN,2B,115000
bakerdu01,1986,OAK,OF,475000
bakerje03,2015,MIA,OF,2100000
bakerjo01,2014,CHN,P,875000
bakersc02,2015,LAN,P,5500000
bakopa01,2009,PHI,C,750000
balbost01,1990,NYA,1B,900000
baldero01,2010,TBA,OF,500000
baldwja01,2005,BAL,P,1250000
balejo01,2009,KCA,P,1200000
balenwl01,2009,CIN,OF,416000
balesco01,2015,CIN,P,485000
balfogr01,2015,TBA,P,4000000
ballaje01,1994,PIT,P,175000
balleja01,1992,PHI,P,75000
bandoch01,1989,OAK,C,325000
bankhsc01,1995,NYA,P,500000
banksbr01,2003,FLO,OF,300000
bankswi01,2002,BOS,P,450000
bannial01,1985,TEX,OF,350000
bannibr01,2010,KCA,P,2300000
bannifl01,1992,TEX,P,225000
banuema01,2022,PIT,P,507500
baptitr01,1998,MIN,P,170000
barajro01,2012,PIT,C,4000000
barbajo01,2018,DET,P,507500
barbebr01,1996,CHN,SS,958750
barbebr02,1999,KCA,P,210000
barcelo01,2002,CHA,P,240000
bardda01,2023,COL,P,1862500
bardebr01,2010,FLO,SS,415000
bardjo01,2011,SEA,C,1600000
barfije01,1992,NYA,OF,2166667
barfijo01,1991,TEX,P,110000
barfijo02,2009,CLE,OF,416100
barkegl01,2001,HOU,OF,270000
barkeke01,2009,CIN,1B,205000
barkele01,1987,ML4,P,900000
barmecl01,2015,SDN,SS,1300000
barneau01,2025,LAN,C,512500
barnebr01,1994,LAN,P,182500
barnebr02,2018,CLE,OF,1000000
barneda01,2017,TOR,SS,1050000
barnejo01,2001,MIN,OF,200000
barnema01,2024,WAS,P,511000
barnesk01,1994,DET,OF,265000
barneto01,2019,CHN,P,1500000
barnhtu01,2025,TEX,P,517500
barreaa01,2020,WAS,P,519400
barreja01,2019,NYA,P,507500
barrema02,1991,SDN,3B,1000000
barremi01,2009,TOR,C,600000
barriyh01,2015,MIL,P,509200
barroto01,1997,PHI,OF,150000
barryje01,1999,COL,OF,202000
barteki01,2001,COL,OF,270000
bartlja01,2014,MIN,OF,1000000
bartobr01,2009,ATL,OF,390000
bartocl01,2005,CHN,P,318600
bartoda02,2014,OAK,1B,1250000
bartosh01,1996,SFN,P,109000
bassan01,2023,TOR,P,725000
bassbr01,2010,PIT,P,405000
bassich01,2025,TOR,P,510000
basske01,1995,BAL,OF,415000
bastaan01,2017,PIT,P,5375000
batchri01,1997,SDN,P,157500
batesbi01,1990,CIN,2B,100000
batesja01,1998,COL,SS,325000
bathebi01,1990,SFN,C,120000
batiski01,1996,SFN,SS,150000
batismi01,2012,ATL,P,750000
batisto01,2007,WAS,3B,1250000
battlal01,1996,OAK,OF,117000
bauerri01,2008,CLE,P,350000
bauertr01,2021,LAN,P,1697500
baughju01,2000,ANA,SS,215000
baumabu01,2018,NYN,P,520000
bautida01,2004,ARI,OF,4000000
bautide01,2010,SFN,P,395000
bautijo01,1997,SLN,P,150000
bautijo02,2018,PHI,OF,14000000
baxtemi01,2015,CHN,OF,700000
bayja01,2013,SEA,OF,1000000
baylijo01,2007,PIT,P,384000
baylodo01,1986,BOS,OF,495000
bazaryo01,2009,HOU,P,400000
beachbr01,2015,LAN,P,2750000
beamotr01,1998,DET,OF,187500
beanbi01,1995,SDN,OF,145000
beanebi01,1989,OAK,OF,70500
beardda01,1989,DET,P,90000
bearske01,1990,CLE,P,100000
beatope01,2017,PHI,P,487500
beattji01,1986,SEA,P,575000
beavabl01,2014,SEA,P,506700
beckejo02,2014,LAN,P,15750000
beckeri01,2000,DET,OF,500000
beckhgo01,2019,DET,SS,1250000
beckhti01,2022,MIN,OF,514500
beckro01,2004,SDN,P,4500000
beckwjo01,1986,LAN,P,200000
bedarer01,2014,TBA,P,4500000
bedroca01,2021,PHI,P,510500
bedrost01,1995,ATL,P,750000
beechma01,1998,PHI,P,215000
beeleda01,2015,CHN,P,508500
beimejo01,2015,SEA,P,850000
beirnke01,2002,LAN,P,223000
belchke01,1990,TEX,OF,100000
belchti01,2000,ANA,P,4600000
belinst01,2000,ATL,P,1500000
belisma01,2018,MIN,P,1250000
belisro01,2015,TBA,P,3000000
belivje01,2018,CLE,P,513600
bellbu01,1989,TEX,3B,790909
bellda01,2006,MIL,3B,4700000
bellde01,2001,PIT,OF,5000000
belleal01,2000,BAL,OF,13000000
beller01,1993,HOU,P,145000
bellge02,1992,CHA,OF,3650000
bellhe01,2014,TBA,P,9000000
bellhma01,2007,CIN,3B,800000
bellicl01,2002,ANA,1B,230000
bellira01,1998,ATL,SS,250000
belliro01,2010,LAN,3B,825000
bellja01,2003,NYN,SS,550000
bellju01,1995,BOS,SS,200000
bellmi01,1991,ATL,1B,100000
bellro01,2007,BAL,P,800000
belowdu01,2013,MIA,P,482000
beltbr01,2023,TOR,1B,6200000
beltrad01,2018,TEX,3B,18000000
beltrca01,2017,HOU,OF,15000000
beltres01,1996,BOS,SS,200000
beltrfr01,2008,DET,P,318500
beltrom01,2010,TEX,P,415000
beltrri01,2004,MON,P,215000
benarma01,2003,SFN,OF,4200000
benavfr01,1994,MON,SS,195000
benedbr01,1989,ATL,C,395000
benesal01,2003,TEX,P,550000
benesan01,2002,SLN,P,6367542
beniqju01,1988,TOR,OF,400000
benitar01,2008,TOR,P,9866219
benitya01,1998,ARI,OF,195000
benjami01,2002,PIT,SS,925000
benneer01,1996,MIN,P,109000
bennega01,2008,LAN,C,825000
benneje01,2009,TBA,P,437500
bennesh01,1999,MON,P,230000
benoijo01,2017,PIT,P,7500000
bensokr01,2010,ARI,P,750000
bentzch01,2005,FLO,P,300000
benzito01,1995,SFN,1B,700000
bereja01,2003,CLE,P,1000000
berenbr01,1986,NYN,P,325000
berenju01,1992,KCA,P,1200000
bergda01,2004,TOR,OF,800000
bergebr01,2004,KCA,OF,304000
bergebr02,2012,ARI,P,434000
bergepe01,2004,MON,OF,300000
bergju01,2011,CHN,P,403000
bergmch01,2018,SEA,P,512500
bergmda01,1992,DET,OF,375000
bergmja01,2010,WAS,P,750000
bergmse01,2000,MIN,P,1200000
berkeja01,2012,CHN,P,426500
berkmla01,2013,TEX,1B,10000000
bernaro01,2014,LAN,OF,1212500
bernato01,1991,DET,2B,525000
bernead01,2006,KCA,P,450000
berrada01,1987,HOU,SS,657500
berroan01,2009,NYN,SS,2000000
berroge01,2000,LAN,OF,500000
berryda01,1997,SFN,C,466665
berryse01,2000,BOS,3B,2350000
bertomi01,1997,CHA,P,160000
beruman01,1996,SDN,P,109000
bestka01,1988,MIN,P,105000
betande01,2021,NYN,P,507500
betanra01,2015,COL,P,1000000
betanyu01,2013,MIL,SS,900000
betemwi01,2013,BAL,1B,2000000
bethach01,2024,CHN,C,511200
bettich01,2019,COL,P,512500
bettsmo01,2025,LAN,SS,566000
bevacku01,1985,SDN,OF,140000
bevilbr01,1998,KCA,P,175000
biagijo01,2021,CHN,P,507500
biancbu01,1987,HOU,SS,165000
biancje01,2015,BOS,SS,502000
bicheda01,2001,BOS,OF,7000000
biddlro01,2004,MON,P,1950000
bielemi01,1997,ATL,P,707500
bierbni01,2004,TEX,P,300000
bierdra01,2008,BAL,P,390000
biesest01,1998,PIT,OF,150000
bigbila01,2006,SLN,OF,900000
biggicr01,2007,HOU,C,5150000
bilarda01,1992,SDN,C,125000
billich01,2015,PHI,P,1500000
birdgr01,2019,NYA,1B,525300
birkbmi01,1995,NYN,P,155000
birkiku01,2008,TBA,P,397600
birtsti01,1990,CIN,P,120500
bisenjo01,2010,WAS,P,380000
bittije01,1989,CHA,P,113000
blackbu02,1995,CLE,P,350000
blackch02,2024,COL,OF,3500000
blackni01,2012,MIN,P,4750000
blacktr01,2013,TEX,P,550000
blackvi01,2014,NYN,P,502250
blairwi01,2001,DET,P,4500000
blakeca01,2011,LAN,OF,5500000
blaloha01,2010,TBA,OF,6200000
blancan01,2017,PHI,SS,1450000
blancgr01,2018,SFN,OF,3900000
blanche01,2013,SEA,C,750000
blancto01,2005,WAS,OF,316000
blankke01,1990,CHN,P,100000
blankky01,2015,TEX,OF,988000
blankla02,1993,OAK,SS,550000
blankma01,2001,MON,P,200000
blantjo01,2017,WAS,P,4000000
blashja01,2018,LAA,OF,507500
blausje01,1999,CHN,SS,4200000
blazemi01,2019,WAS,P,514200
blaziro01,1997,PHI,P,180000
blevije01,2019,ATL,P,4000000
blockte01,1989,ATL,P,70000
bloomwi01,2015,SEA,SS,3000000
blossgr01,1994,BOS,OF,109000
blowemi01,1999,SEA,3B,475000
bluevi01,1986,SFN,P,450000
blumaja01,1996,KCA,P,165000
blumge01,2012,ARI,3B,1350000
blylebe01,1992,CAL,P,900000
bocachi01,2007,SDN,OF,325000
bochtbr01,1986,OAK,1B,572500
bochtdo01,2000,KCA,P,287500
bochybr01,1987,SDN,C,135000
bococbr01,2010,PHI,SS,414000
boddimi01,1993,ML4,P,2916667
boehrbr01,2004,PIT,P,2000000
boescbr01,2015,CIN,OF,1250000
boevejo01,1996,PIT,P,600000
bogaexa01,2025,SDN,SS,650000
bogarti01,2001,LAN,SS,525000
boggsmi01,2013,COL,P,1475000
boggswa01,1999,TBA,P,750000
bogusbr01,2015,PHI,OF,483000
bohanbr01,2001,COL,P,4000000
bolicfr01,1998,ANA,OF,178000
bolsimi01,2017,TOR,P,515000
boltoro01,1995,CHA,P,100000
boltoto01,1994,BAL,P,475000
bondeje01,2013,DET,P,12500000
bondsba01,2007,SFN,OF,15533970
bonesri01,2001,FLO,P,800000
bongju01,2004,CIN,P,340000
bonifem01,2020,WAS,OF,3000000
bonilbo01,2001,SLN,P,900000
bonilju01,1987,NYA,3B,120000
bonined01,2010,DET,P,404000
bonneba01,1986,SEA,OF,437500
bonsebo01,2010,OAK,P,650000
bookech01,2007,WAS,P,350000
bookegr01,1990,SFN,P,130000
bookero01,1991,PHI,SS,140000
booneaa01,2009,HOU,3B,750000
boonebo01,1990,KCA,C,1900000
boonebr01,2005,MIN,2B,9000000
bootcch01,2013,NYA,P,415000
bootyjo01,1998,FLO,3B,170000
borboju01,2016,BAL,OF,496000
borbope02,2003,SLN,P,1650000
borchjo01,2007,FLO,OF,380000
bordepa01,2005,SEA,C,500000
bordimi01,2003,TOR,SS,1000000
bordiri01,1988,OAK,P,250000
borkoda01,2008,HOU,P,800000
borlato02,2004,FLO,P,262500
borowjo01,2008,CLE,P,4000000
bosioch01,1996,SEA,P,4250000
boskish01,1998,MON,P,660000
bosleth01,1990,TEX,OF,250000
bostoda01,1994,NYA,OF,400000
bottari01,2005,MIL,P,800000
botteke01,2001,HOU,P,2000000
bottsja01,2008,TEX,OF,394190
bouchde01,1994,MON,P,135000
bourgja01,2015,CIN,OF,522500
bourgst01,1996,SFN,P,109000
bourjpe01,2019,LAA,OF,2000000
bourju01,2019,LAA,1B,537500
bournmi01,2016,BAL,OF,13500000
bournra01,1999,SEA,SS,400000
bowala01,1985,NYN,SS,525000
bowdemi01,2013,CHN,P,509500
bowenro01,2008,OAK,C,410000
bowenry01,1995,FLO,P,185000
bowiemi01,2008,COL,P,650000
bowkejo01,2011,PHI,OF,441500
bowmama01,2025,BAL,P,507500
boxbebr01,2023,CHN,P,519200
boydja02,2004,PIT,P,350000
boydoi01,1991,TEX,P,1500000
boyerbl01,2018,KCA,P,950000
brachbr01,2021,CIN,P,1250000
brachsi01,2023,CIN,P,509300
braddza01,2011,MIL,P,424000
bradeda01,2011,OAK,P,3350000
bradfch01,2009,TBA,P,3666666
bradlja02,2023,KCA,OF,546500
bradlmi01,2011,SEA,OF,13000000
bradlph01,1990,CHA,OF,200000
bradlsc01,1992,CIN,C,837500
bradste01,1996,SLN,OF,109000
braggda01,2004,CIN,OF,450000
bragggl01,1992,CIN,OF,1000000
brandma01,1997,BOS,P,222500
bransje01,2001,LAN,SS,550000
brantje01,2001,TEX,P,650000
brantmi01,1989,SEA,OF,170000
brantmi02,2023,HOU,OF,7375000
brantro01,2025,MIA,C,490000
branyru01,2011,LAA,3B,1000000
braunry01,2007,KCA,P,380000
braunry02,2020,MIL,OF,19315013
braunst01,1985,SLN,OF,160000
braybi01,2012,CIN,P,1417500
brazede01,2006,SDN,P,500000
brazoyh01,2011,ARI,P,395000
breamsi01,1994,HOU,1B,300000
bredebr01,1998,ARI,OF,190000
brenlbo01,1989,SFN,C,680000
brennwi01,1993,CHN,P,62500
breslcr01,2017,CLE,P,1500000
brettge01,1992,KCA,3B,2750000
brewebi01,1999,PHI,P,320000
brewero01,1993,SLN,P,125000
brewija01,2000,CLE,P,109000
brignre01,2016,ATL,3B,499000
brilegr01,1993,FLO,OF,109000
briscjo01,1996,OAK,P,150000
britojo01,1996,COL,C,130000
britoso01,2019,TOR,OF,508500
britoti01,1997,OAK,SS,160000
brittdr01,2014,BOS,P,503000
brittza01,2022,NYA,P,6750000
brocado01,2009,HOU,P,2500000
brockch01,2002,BAL,P,1000000
brockgr01,1991,ML4,1B,937500
brockta01,2000,CHN,OF,200000
brodebr01,2011,WAS,P,414000
brognri01,2001,ATL,1B,1500000
brohatr01,2003,LAN,P,200000
bronkje01,1995,ML4,P,116000
brookaa01,2024,OAK,P,510000
brookhu01,1994,KCA,1B,350000
brookto01,1990,CLE,SS,425000
brosisc01,2001,NYA,OF,5250000
brothre01,2021,CHN,P,1400000
brousbe01,2008,TEX,1B,3850000
browebo01,1989,NYA,OF,98000
broweji01,2007,NYA,P,700000
brownad01,2006,TEX,OF,425000
brownan01,2008,OAK,P,395000
brownan02,2014,NYN,OF,538045
brownbo04,1985,SDN,OF,150000
brownbr01,2000,CHN,OF,315000
brownbr02,2015,COL,P,509500
brownch02,1989,DET,3B,265000
brownde02,2007,OAK,OF,309500
browndo01,2015,PHI,OF,2600000
brownem01,2009,NYN,OF,1400000
brownja03,1995,BAL,OF,112000
brownje01,1995,FLO,OF,650000
brownke01,2005,NYA,P,15714286
brownke02,1992,CIN,P,100000
brownke03,1992,SEA,P,100000
brownke04,2002,BOS,C,170000
brownma03,1990,BAL,3B,100000
brownmi01,1987,SEA,P,80000
brownro01,2002,CHN,OF,255000
brownto05,1995,KCA,P,300000
browntr01,2016,SFN,C,508500
browsc01,1998,ARI,P,225000
broxtjo01,2017,SLN,P,3750000
broxtke01,2019,SEA,OF,508500
bruceja01,2021,NYA,1B,12541666
bruetjt01,1993,MIN,OF,121000
brumfja01,1999,TOR,OF,240000
brumlmi02,1995,HOU,SS,120000
brummgr01,1993,MIN,P,109000
brunato01,1994,BOS,OF,1100000
brunebr01,2012,CHA,P,1500000
brunter01,2009,PHI,SS,800000
bruskji01,2000,MIL,P,200000
brusswa01,1985,CHN,P,575000
bryankr01,2024,COL,OF,652000
bryanra01,1987,LAN,OF,72500
buchabr01,2004,NYN,1B,650000
buchada01,2024,CIN,P,512500
buchhcl01,2019,TOR,P,13000000
buchhta01,2011,NYN,P,600000
buchtry01,2021,ARI,P,520000
buckjo01,2014,LAA,C,1000000
bucknbi01,1990,BOS,1B,400000
bucknbi02,2014,SDN,P,403000
bucktr01,2012,HOU,OF,580000
buddery01,2010,LAA,C,402200
buddimi01,2002,MIL,P,218000
buechst01,1995,TEX,3B,2550000
buehrma01,2015,TOR,P,20000000
buenofr01,2014,KCA,P,504500
buforda01,2001,CHN,OF,1100000
buhneja01,2001,SEA,OF,1850000
buicede01,1989,TOR,P,150000
bukviry01,2008,BAL,P,319500
bulgeja01,2011,LAA,P,423000
bullesc01,1996,CHN,OF,160000
bullibr01,2010,KCA,P,327000
bulliji01,1998,SEA,P,205000
bulliki01,2004,HOU,P,170000
bumbral01,1985,SDN,OF,160000
bumgama01,2023,ARI,P,9916667
bumpna01,2005,FLO,P,360000
bundydy01,2022,MIN,P,1800000
burbada01,2004,SFN,P,440000
burgoam01,2007,NYN,P,415000
burgoen01,1995,SFN,P,110000
burkech01,2009,SDN,SS,955000
burkegr01,2013,NYN,P,550000
burkeja02,2010,WAS,C,435000
burkejo03,2003,BOS,P,5500000
burkejo04,1997,COL,P,190000
burketi01,1992,NYA,P,2266667
burksel01,2003,CLE,OF,750000
burleri01,1987,BAL,2B,200000
burneaj01,2015,PIT,P,8500000
burneal01,2013,CHN,P,490000
burnese01,2016,WAS,P,3625000
burnije01,2006,PIT,OF,6000000
burnsbi02,2017,KCA,OF,512500
burnsbr01,1985,CHA,P,750000
burnsco01,2013,TEX,P,492000
burnsmi01,2009,MIL,P,332500
burnsto02,1993,SLN,P,575000
burrebr01,2011,PIT,P,395000
burrepa01,2011,SFN,OF,1000000
burriem01,2016,PHI,SS,925000
burrira01,1987,ML4,P,100000
burroje01,1984,OAK,OF,350000
burrose01,2012,MIN,3B,525000
burrote01,1997,SDN,P,109000
burtoja01,2014,MIN,P,3250000
busbymi01,1999,SLN,P,220000
buschbr01,2009,MIN,3B,412500
buschmi01,1996,LAN,3B,109000
bushda01,2013,TOR,P,1000000
bushho01,2004,NYA,2B,3375000
bushra01,1993,MIN,OF,250000
butchjo01,1986,CLE,P,385000
butchmi01,1995,CAL,P,175000
buterdr01,2021,LAA,C,1162500
butersa01,1988,TOR,C,62500
butlead01,1998,ATL,P,170000
butlebi03,2016,NYA,1B,11666667
butlebr01,1997,LAN,OF,1733304
butlebr02,2003,COL,SS,303000
butleed01,2018,TEX,P,509500
butlejo03,2009,MIL,P,400000
butleke01,2014,SLN,P,500000
butleri01,1999,TBA,OF,215000
butlero01,1999,TOR,OF,275000
buxtoby01,2025,MIN,OF,512500
bynumfr01,2008,BAL,SS,390000
bynummi01,2004,SDN,P,300500
byrdati01,2013,NYN,P,1000000
byrdma01,2016,CLE,OF,1000000
byrdpa01,2009,BOS,P,7500000
byrneer01,2010,SEA,OF,400000
bystrma01,1985,NYA,P,250000
cabelen01,1986,LAN,OF,450000
cabrace01,2015,BAL,P,490000
cabreas01,2021,CIN,3B,8250000
cabreda01,2009,ARI,P,2600000
cabreev01,2015,BAL,SS,2400000
cabrefe01,2010,BOS,P,575000
cabrefr01,1993,ATL,C,181500
cabrejo01,2002,MIL,P,705000
cabrejo02,2008,CIN,SS,1000000
cabreme01,2019,PIT,OF,14000000
cabremi01,2023,DET,1B,28000000
cabreor01,2011,SFN,SS,1000000
cacered01,1995,KCA,SS,109000
cadargr01,1998,TEX,P,330000
cahiltr01,2021,PIT,P,4250000
cainlo01,2022,MIL,OF,6500000
cainma01,2017,SFN,P,20833333
cairomi01,2012,CIN,3B,1000000
caldeiv01,1993,BOS,OF,3000000
calerki01,2009,FLO,P,500000
calhoje01,1988,PHI,P,125000
calhoko01,2023,CLE,OF,3400000
callaal01,2015,LAN,3B,3000000
callami01,2004,TEX,P,320000
calloro01,2004,MON,OF,312500
camacer01,1990,SLN,P,150000
camerke01,2009,OAK,P,380000
camermi01,2011,FLO,OF,7750000
caminar01,2016,SEA,P,532500
caminke01,2001,ATL,3B,3500000
cammaer01,2000,NYN,P,205000
campato01,2014,LAA,OF,509500
campbbi02,1987,MON,P,200000
campber01,2021,SEA,3B,513308
campbke01,1995,MIN,P,115500
campbmi01,1996,CHN,P,125000
campijo01,2009,ATL,P,420000
campri01,1985,ATL,P,600000
campsh01,2014,PHI,P,1350000
campusi01,1991,PHI,OF,220000
canalge01,1991,ML4,1B,100000
canatwi01,1993,TOR,OF,109000
cancero01,2011,HOU,C,200500
candaca01,1997,CLE,3B,150000
candejo01,1993,PIT,P,760000
candito01,1999,CLE,P,3000000
cangejo01,1999,COL,OF,550000
canhama01,2025,KCA,OF,512500
canizja01,2002,MIN,3B,235000
canoro01,2022,ATL,2B,24000000
cansejo01,2001,CHA,OF,3000000
canseoz01,1993,SLN,OF,140000
cantujo01,2011,SDN,3B,850000
capeljo01,2008,COL,P,330000
capelmi01,1991,HOU,P,62500
cappsca01,2017,SDN,P,987500
cappsma01,2012,MIN,P,4500000
capuach01,2016,MIL,P,1500000
carabra01,1995,SLN,2B,109000
cardoja01,2002,SDN,C,217000
carewro01,1985,CAL,1B,875000
careypa01,1993,BAL,1B,115000
carides01,2010,CHN,P,403000
carigan01,2012,OAK,P,480000
carlsda01,1999,ARI,P,175000
carlsje01,2010,TOR,P,450000
carltst01,1988,MIN,P,115000
carlybu01,2015,NYN,P,725000
carmado01,1992,TEX,P,500000
carmofa01,2016,ATL,P,2650000
carmora01,1999,SEA,P,195000
carpean01,2012,TOR,P,401000
carpech01,2012,SLN,P,8500000
carpech02,2012,BOS,P,482000
carpecr01,1996,ML4,P,150000
carpeda01,2019,TEX,P,1300000
carpeda02,2015,ATL,P,493000
carpema01,2024,SLN,3B,6500000
carpmi01,2014,TEX,OF,1400000
carraca01,2025,ATL,P,4500000
carradj01,2012,NYN,P,1200000
carragi01,2006,LAN,P,500000
carrahe01,2007,LAA,P,3000000
carrch02,1997,HOU,OF,325000
carreez01,2017,TOR,OF,521800
carrejo01,2012,TOR,P,481700
carrema01,1996,CLE,OF,1000000
carrima01,1994,FLO,OF,120000
carrobr01,2012,WAS,OF,580000
carroja01,2013,KCA,3B,3750000
carsoro01,2013,NYN,P,491375
cartech01,2010,NYN,OF,400000
cartech02,2017,NYA,OF,2500000
cartega01,1992,MON,C,825000
cartejo01,1998,SFN,OF,3151380
cartela02,2006,LAN,P,550000
carusmi01,2002,KCA,SS,275000
carvama01,2007,FLO,P,316000
carych01,1993,CHA,P,50000
casalcu01,2024,SFN,C,513600
casanra01,2008,NYN,C,850000
caseyse01,2008,BOS,1B,800000
cashke01,2010,BOS,C,400000
cashnan01,2019,BOS,P,7150000
casiala01,1998,CHA,P,350000
casilal01,2014,BAL,3B,1382500
cassebo01,2012,LAA,P,490000
cassisc01,2006,SDN,P,384000
casteal01,2013,LAN,OF,490500
casteni01,2025,PHI,OF,536500
castepe01,1996,COL,OF,120000
castial01,2007,BAL,C,450000
castibr01,1992,PHI,OF,120000
castica01,1991,MIN,OF,600000
castica02,2001,BOS,P,250000
castifr01,2005,FLO,P,2250000
castijo01,1984,MIN,3B,550000
castijo02,2008,HOU,3B,650000
castiju01,1989,ML4,2B,90000
castile01,2012,CHN,P,480000
castilu01,2010,NYN,2B,6250000
castima02,1985,DET,C,76000
castiru01,2016,BOS,OF,11400000
castito02,1998,CHA,P,1250000
castivi02,2006,COL,3B,3200000
castiwe01,2019,CHA,C,3700000
castrfa01,2007,PHI,P,327000
castrja01,2022,HOU,C,5000000
castrju01,2011,LAN,3B,700000
castrmi01,2025,CHA,P,509500
castrra01,2011,CHA,C,1200000
castrst01,2021,WAS,SS,7857142
catalfr01,2010,NYN,OF,650000
cathemi01,1999,ATL,P,225000
caudibi01,1987,OAK,P,1633333
cecchga01,2015,BOS,1B,508500
cecenjo01,1988,TEX,P,62500
cecilbr01,2018,SLN,P,3800000
cedajo01,2011,FLO,P,480000
cedenan01,1996,HOU,SS,500000
cedence01,1986,LAN,OF,200000
cedendo01,1999,PHI,SS,500000
cedenro01,2005,SLN,OF,5500000
cedenro02,2014,PHI,SS,718000
cedenxa01,2019,CHN,P,524100
centeju01,2019,BOS,C,507500
cerdaja01,2005,KCA,P,342000
ceronri01,1992,MON,C,230000
cerutjo01,1991,DET,P,800000
cervefr01,2020,MIA,C,3500000
cespeyo01,2018,NYN,OF,27328046
cessalu01,2023,CIN,P,507500
ceyro01,1987,OAK,3B,1050000
chacigu01,2010,HOU,P,395300
chacijh01,2022,COL,P,4850000
chacosh01,2008,HOU,P,2000000
chafian01,2025,LAA,P,519700
chambad01,2013,SLN,OF,490000
chambch01,1986,ATL,1B,769452
chambjo03,2016,CLE,P,1000000
chambwe01,1995,BOS,OF,350000
chapmar01,2025,BOS,P,9468443
chapmke02,2016,HOU,P,503400
charlno01,2001,SEA,P,500000
chatwty01,2021,SFN,P,1000000
chavean02,2005,SFN,SS,400000
chaveen01,2014,SEA,OF,1500000
chaveer01,2014,ARI,3B,3500000
chaveje01,2025,ATL,P,4000000
chavera01,2009,TOR,C,400000
checoro01,1999,LAN,P,300000
chenbr01,2015,CLE,P,4500000
chenwe02,2019,MIA,P,12500000
cherrro01,2008,BAL,P,390000
chiamsc01,1992,TEX,P,126000
chiassc01,2002,CHN,P,305000
chicoma01,2010,WAS,P,431000
childja01,2006,TBA,P,327000
chiriro01,2022,BAL,C,1550000
chiselo01,2018,CLE,OF,2725000
chitrst01,1991,OAK,P,105000
choatra01,2015,SLN,P,3000000
choicmi01,2015,TEX,OF,502000
choihe01,2005,LAN,1B,725000
choiji01,2023,SDN,1B,650000
choji01,1999,BOS,P,210000
choosh01,2020,TEX,OF,20000000
chouibo01,2001,COL,P,278000
chrisja01,2005,LAA,P,1050000
chrismc01,2002,NYN,OF,222500
chrismi02,1996,DET,P,200000
chrisni01,2014,CIN,P,500000
chrisry01,2003,TEX,OF,267500
chulkvi01,2012,MIL,P,837500
churcry01,2010,ARI,OF,1500000
cianfar01,1998,SDN,OF,475000
cingrto01,2018,LAN,P,530000
cintral01,2009,WAS,SS,1900000
ciriape01,2015,ATL,SS,513500
cirilje01,2007,ARI,P,1500000
cishest01,2022,WAS,P,4000000
claibpr01,2017,TEX,P,511325
clancji01,1991,ATL,P,1150000
clapich01,2000,FLO,SS,201000
clarkbr02,2008,NYN,OF,3900000
clarkda05,1998,HOU,OF,700000
clarkja01,1992,BOS,1B,109000
clarkje01,1995,MIN,OF,400000
clarkje02,2005,OAK,OF,300000
clarkma01,2000,TEX,P,5000000
clarkph02,1996,BOS,3B,200000
clarkte01,1997,TEX,P,200000
clarkto02,2009,ARI,1B,800000
clarkwi02,2000,SLN,1B,6000000
claryma01,1990,ATL,P,125000
claudal01,2023,MIL,P,508500
clausbr01,2006,CIN,P,370000
claytro01,2007,BOS,SS,1500000
clearma01,1990,CAL,P,535000
clemeed02,2000,ANA,OF,215000
clemeje01,2012,PIT,1B,405000
clemema01,2006,BOS,P,1250000
clemepa01,1992,BAL,P,145000
clemero02,2007,NYA,P,18000000
cletoma01,2014,CHA,P,501000
clevest01,2016,SEA,C,516500
clibust02,1988,CAL,P,60000
clippty01,2022,WAS,P,6100000
clontbr01,2000,PIT,P,350000
clossjd01,2006,COL,C,317000
cloudke01,1999,SEA,P,275000
cluttbr01,1989,ML4,P,73000
clybuda01,1999,TBA,OF,205000
coatsbu01,2008,TOR,OF,392100
cobbal01,2024,CLE,P,4000000
cochrda01,1992,SEA,SS,162000
codirch01,1990,KCA,P,270000
coffeto01,2012,LAN,P,1000000
coffmke01,1990,CHN,P,100000
coganto01,2001,KCA,P,200000
coggida01,2002,PHI,P,320000
coghlch01,2017,TOR,OF,4800000
cokeph01,2016,PIT,P,2250000
colabch01,2016,TOR,OF,521300
colanmi01,2002,OAK,OF,300000
colbrgr01,2004,ARI,1B,650000
coleal01,1996,BOS,OF,500000
colege01,2024,NYA,P,548000
colemlo01,2018,DET,P,725000
colemmi01,2001,NYA,OF,250000
colemvi01,1997,DET,OF,500000
colesda01,1997,COL,OF,200000
colest01,1991,KCA,SS,109000
collida02,1990,SLN,OF,225000
collilo01,2004,PHI,OF,250000
colliti01,2019,CHN,P,1475000
collity01,2017,DET,OF,510500
collmjo01,2017,ATL,P,1400000
colomal01,2023,CHA,P,521700
colomje01,2010,SEA,P,1250000
colonba01,2018,TEX,P,7250000
colonch01,2020,CIN,2B,518425
colonro01,2012,KCA,P,665000
colvity01,2014,SFN,OF,1000000
colyest01,2007,ATL,P,302000
combspa01,1992,PHI,P,220000
comstke01,1991,SEA,P,114000
conceda01,1988,CIN,SS,370000
conceon01,1985,KCA,SS,250000
condrcl01,2009,PHI,P,900000
coneda01,2003,NYN,P,1000000
confomi01,2025,LAN,OF,517246
congeha01,2016,TBA,C,1500000
coninje01,2007,NYN,OF,2000000
conlead01,2021,TBA,P,512500
conrabr01,2014,SDN,2B,427250
conroti01,1987,SLN,P,115000
constjo01,2014,ATL,OF,480000
contija01,2004,TEX,OF,300000
contrjo01,2013,PIT,P,2500000
conveji01,1997,KCA,P,148000
cookaa01,2012,BOS,P,9875000
cookde01,2002,ANA,P,1250000
cookest01,1998,CIN,P,300000
cookry01,2018,SEA,P,1100000
cooksbr01,1999,LAN,OF,109000
coolbsc01,1994,SLN,3B,100000
coomero01,2003,LAN,3B,750000
coopece01,1986,ML4,1B,493224
coopesc01,1997,KCA,3B,375000
coppiro01,2001,MIL,P,201500
coquitr01,2000,MON,OF,201500
coraal01,2011,WAS,SS,900000
corajo01,1998,CLE,2B,1700000
corbedo01,1987,BAL,P,410000
corbesh01,1990,CAL,P,100000
corbiar01,1999,FLO,P,109000
corbipa01,2025,TEX,P,2525000
corcoro01,2009,SEA,P,413000
corcoti01,1986,NYN,1B,220000
cordech01,2010,SEA,P,6200000
cordefr01,2012,HOU,P,4500000
cordewi01,2005,WAS,1B,600000
cordofr01,2000,PIT,P,3850000
cordoma01,2003,BAL,OF,3500000
coreybr01,2008,SDN,P,405000
cormila01,2011,LAN,P,1200000
cormirh01,2007,CIN,P,2250000
cornena01,2004,DET,P,335000
cornere01,2000,FLO,P,109000
corpama01,2013,COL,P,2750000
corpoca01,2015,TEX,C,975000
correca01,2025,HOU,SS,516700
correed01,1987,TEX,P,130000
correke01,2015,PHI,P,5500000
corsiji01,1999,BAL,P,750000
corteda01,2006,COL,P,350000
cosarja01,2017,SDN,P,550000
costash01,2007,KCA,OF,411000
costech01,2009,HOU,C,650000
costejo01,1991,SDN,P,105000
costoti01,1993,CIN,OF,109000
cotahu01,2007,PIT,C,537500
cothaca01,2016,CIN,P,509675
cottohe01,1993,FLO,OF,900000
cottsne01,2015,MIN,P,3000000
counscr01,2011,MIL,SS,1400000
cousisc01,2013,LAA,OF,414000
coutljo01,2007,CIN,P,380000
cowenal01,1986,SEA,OF,360000
cowgico01,2016,CLE,OF,1000000
cowlejo01,1987,PHI,P,295000
coxda01,1995,TOR,P,700000
coxda02,1999,MON,C,200000
coxst01,2002,TBA,1B,280000
cozarza01,2019,LAA,SS,2925000
crabbca01,2008,SDN,SS,390000
crabtti01,2001,TEX,P,1300000
craigal01,2015,BOS,OF,5500000
crainje01,2013,CHA,P,4500000
cramebo01,2011,OAK,P,414000
crawfbr01,2024,SLN,SS,6000000
crawfca02,2016,LAN,OF,20750000
crawfpa02,2001,BOS,P,205000
crawfst01,1991,KCA,P,375000
credejo01,2009,MIN,3B,2500000
creekdo01,2005,DET,P,700000
crespce01,2004,BOS,SS,309000
crespfe01,2001,PHI,OF,425000
cressja01,2004,CLE,P,322400
crewsti01,1992,LAN,P,1175000
crimch01,1994,CHN,P,1100000
crispco01,2016,CLE,OF,11000000
crockky01,2018,CIN,P,510900
cromedt01,2001,CIN,1B,200000
crometr01,2003,HOU,2B,346500
croncj01,2023,LAA,1B,525000
crosbbo01,2010,ARI,3B,1000000
crosbbu01,2006,NYA,OF,354250
crottmi01,2011,PIT,P,414000
crousri01,2000,BOS,P,255000
crowaa01,2014,KCA,P,1475000
crowetr01,2013,HOU,OF,435700
cruzde01,2005,WAS,SS,800000
cruzen01,2007,CIN,SS,300000
cruziv01,2002,SLN,1B,205000
cruzja01,2005,CIN,OF,500000
cruzjo01,1988,NYA,OF,350000
cruzjo02,2008,HOU,OF,650000
cruzju01,1986,CHA,2B,600000
cruzju02,2012,PIT,P,1250000
cruzlu01,2013,NYA,SS,505000
cruzne01,2003,COL,P,700000
cruzne02,2023,SDN,1B,14250000
cruzrh01,2018,TOR,P,498000
cruzto03,2018,CIN,C,775000
cuddymi01,2015,NYN,OF,8500000
cuetojo01,2024,LAA,P,17500000
culbech01,2022,TEX,SS,535000
cummijo01,1997,DET,P,215000
cummimi01,2005,BAL,OF,425000
cummist01,1990,TOR,P,120000
cumptbr01,2018,TOR,P,507000
cunnawi01,2004,ATL,P,525000
cunniaa01,2012,CLE,OF,482300
cunnito01,2016,LAA,OF,507500
curtich01,2001,TEX,OF,1900000
curtico01,2010,NYA,OF,420400
custja01,2010,OAK,OF,2500000
cuylemi01,1998,TEX,OF,242500
daalom01,2003,BAL,P,4500000
daiglca01,2010,HOU,P,300000
dalesma01,2001,CHA,C,185000
daleyma01,2014,NYA,P,404000
damicje01,2004,CLE,P,750000
damonjo01,2012,CLE,OF,5250000
danieka01,1992,CHN,OF,2500000
danksjo01,2016,CHA,P,15750000
darenvi01,2005,DET,P,775000
darliro01,1995,OAK,P,3000000
darnatr01,2025,LAA,C,542604
darrmi02,2001,SDN,OF,215000
darviyu01,2025,SDN,P,10000000
darwida01,1998,SFN,P,710000
darwije01,1997,CHA,P,172500
dascedo01,1996,SDN,OF,450000
daubabr01,2005,NYN,1B,500000
dauerri01,1985,BAL,3B,480000
daughja01,1993,CIN,OF,215000
daultda01,1997,FLO,OF,4825000
davanje02,2007,OAK,OF,1250000
daveyto01,2002,SDN,P,270000
davidma01,1991,HOU,OF,300000
davieky01,2015,NYA,P,3200000
davisal01,1992,CAL,1B,800000
davisbe01,2004,CHA,C,1400000
davisbu02,1994,TEX,OF,130000
davisch01,1994,CAL,OF,4333333
davisch02,2020,BAL,1B,21268890
davisdo02,2011,CHN,P,4250000
daviser01,2001,SFN,OF,1500000
davisgl01,1993,BAL,1B,3817500
davisik02,2016,NYA,1B,3800000
davisja02,2008,PIT,P,670000
davisjj01,2005,WAS,OF,316500
davisjo02,1990,ATL,C,800000
davisjo03,1988,CHA,P,65000
davisjo04,1990,SDN,P,100000
daviska01,2007,PHI,P,235000
daviskh01,2021,OAK,OF,524500
davisla01,2001,CIN,P,246500
davisma01,1997,ML4,P,400000
davismi02,1989,LAN,OF,987500
davisra01,2019,NYN,OF,5250000
davisro02,1988,SFN,P,725000
davisru01,2001,SFN,3B,1300000
davisst02,1994,DET,P,800000
davisti01,1997,SEA,P,227500
daviswa01,2021,KCA,P,8000000
dawlebi01,1989,OAK,P,275000
dawlejo01,2004,CLE,P,300000
dawsoan01,1996,FLO,OF,500000
dayetbr01,1987,CHN,OF,100000
dayleke01,1993,TOR,P,1800000
dayza01,2006,WAS,P,600000
deazaal01,2017,WAS,OF,5750000
decindo01,1987,SLN,3B,1050000
deckeja01,2017,OAK,OF,510000
deckest01,1999,ANA,C,175000
dedmoje01,1988,CLE,P,350000
dedriji01,1995,BAL,P,109000
dedunsa01,2015,HOU,P,525100
deerro01,1996,SDN,OF,2066667
defraju01,2015,PHI,P,528000
degroja01,2025,TEX,P,607000
dehaako01,2002,SDN,OF,200000
deharri01,2003,KCA,P,172500
dejeami01,2006,COL,P,1150000
dejesda01,2015,LAA,OF,5000000
dejesiv01,1988,DET,SS,700000
dejesiv02,2016,CIN,SS,517000
dejesjo01,1994,KCA,P,200000
delabst01,2016,CIN,P,515900
delaceu01,2011,MIL,P,400000
delarda01,2014,LAA,P,515000
delarjo01,2018,CHN,P,12500000
delarru01,2017,ARI,P,2350000
delcama01,2010,COL,P,905000
deleojo01,1995,MON,P,705000
delgaal01,1996,BOS,OF,109000
delgaca01,2009,NYN,1B,12000000
delgara01,2018,ARI,P,1275000
delgawi01,2004,NYN,SS,305000
delluda01,2009,TOR,OF,4000000
delosfa01,2012,OAK,P,482500
deloslu01,1991,DET,OF,100000
delosva01,2008,COL,P,850000
delroen01,2012,HOU,P,417000
deltomi01,2000,SFN,P,200000
delucri01,1999,CLE,P,400000
demelsa01,2012,ARI,P,417000
dempsri01,1992,BAL,C,450000
dempsry01,2013,BOS,P,13250000
dendema01,2018,NYN,OF,512972
dennyjo01,1986,CIN,P,1083333
denorch01,2015,CHN,P,2600000
depaujo01,2005,NYA,P,302550
depause01,2002,CLE,P,200000
dernibo01,1989,PHI,OF,400000
derosma01,2013,TOR,OF,750000
descada01,2019,CHN,P,2100000
desclan01,2025,ARI,P,540000
deshaji01,1995,PHI,P,575000
deshide01,2002,CHN,OF,1250000
deshide02,2021,CIN,OF,517300
desiljo01,1995,BAL,P,109000
desmoia01,2019,COL,P,8000000
despaod01,2019,CHA,P,517300
desseel01,2010,NYN,P,1700000
destror01,1994,FLO,1B,1500000
detwiro01,2022,CIN,P,1000000
devermi01,1998,LAN,OF,250000
devinjo01,2011,OAK,P,737500
devrico01,2013,MIN,P,500000
deweyma01,1996,SFN,P,225000
dewitbl01,2013,ATL,3B,460000
diamosc01,2016,TOR,P,530000
diazal01,1999,HOU,OF,275000
diazbo01,1989,CIN,C,900000
diazca01,1986,LAN,P,120000
diazed01,1990,ML4,SS,100000
diazed03,1999,ARI,SS,170000
diazei01,2006,LAN,C,600000
diazel01,2025,SDN,C,510000
diazfe01,2004,CHA,P,318000
diazja01,2020,COL,P,509500
diazju03,2017,TBA,P,525000
diazma01,1995,FLO,SS,225000
diazma02,2013,MIA,OF,2125000
diazmi01,1988,CHA,1B,172500
diazvi01,2007,TEX,OF,335000
dibblro01,1995,ML4,P,109000
dickech01,2014,CLE,OF,415000
dickeco01,2023,WAS,OF,522900
dickera01,2017,ATL,P,12000000
dicksja01,2000,ANA,P,375000
diekmja01,2024,NYN,P,1255000
dietrde01,2020,TEX,3B,522500
difelma01,2011,MIL,P,403000
difelmi01,2008,TBA,C,625000
dillati01,2012,MIL,P,482000
dillojo02,2009,TBA,3B,393000
dilonmi01,1985,SDN,OF,175000
dimicfr01,1988,CAL,P,62500
dinarle01,2009,KCA,P,900000
dingmcr01,2005,DET,P,330000
dipinfr01,1993,KCA,P,350000
dipotje01,2000,COL,P,2350000
dirksan01,2013,DET,OF,505000
disarga01,2000,ANA,SS,320000
dishmgl01,1997,DET,P,109000
distebe01,1992,HOU,OF,85000
dixonke01,1987,BAL,P,155000
dobbsgr01,2014,WAS,1B,1700000
doherjo02,1996,BOS,P,400000
dohmasc01,2008,TBA,P,412400
dolisra01,2021,TOR,P,480500
dominjo01,2016,SDN,P,501000
dominma01,2016,TOR,3B,510100
donalja01,2012,CLE,SS,484000
donaljo02,2023,MIL,3B,11650000
donnebr01,2010,PIT,P,1350000
donnech01,2002,ARI,3B,350000
doolise01,2022,WAS,P,1580000
dopsojo01,1994,CAL,P,400000
doranbi02,1993,ML4,2B,1333334
dorsebr01,1996,CHN,C,210000
dosteda01,1999,PHI,SS,200000
doteloc01,2013,DET,P,3500000
dotsori01,1990,KCA,P,550000
doubrfe01,2015,OAK,P,2000000
doughji01,1999,PIT,P,109000
douglse01,2005,DET,P,305000
doumiry01,2014,ATL,OF,3500000
downibr01,1987,CAL,OF,950000
downsda02,2014,HOU,P,494000
downske01,1993,OAK,P,675000
downsma01,2012,HOU,SS,487500
downssc01,2014,KCA,P,3750000
doziebr01,2020,NYN,2B,3000000
drabedo01,1998,BAL,P,1663162
drabeky01,2016,ARI,P,518200
drahmbr01,1994,FLO,P,130000
drapemi01,1993,NYN,P,109000
draveda01,1989,SFN,P,750000
dreifda01,2004,LAN,P,13400000
dresery01,2006,WAS,P,1900000
dresski01,1991,OAK,P,117500
drewjd01,2011,BOS,OF,14000000
drewst01,2017,WAS,SS,3000000
drewti01,2004,ATL,P,202000
dreyest01,1994,TEX,P,118500
driesda01,1987,SLN,1B,100000
drummti01,1990,MIN,P,102000
drurybr01,2024,LAA,3B,508900
duboibr01,1990,DET,P,110500
duboija01,2005,CLE,OF,320000
duboser01,2006,BAL,P,334000
duceyro01,2001,MON,OF,500000
duchsju01,2010,OAK,P,700000
duckwbr01,2008,KCA,P,550000
dudalu01,2019,KCA,1B,6725000
duensbr01,2018,CHN,P,2700000
duffych01,2009,MIL,OF,400000
duffyda01,2021,KCA,P,4225000
duffyma01,2024,TEX,3B,510200
duffyma02,2016,HOU,3B,537500
dukesel01,2009,WAS,OF,415500
dukeza01,2019,CIN,P,5000000
dullry01,2019,TOR,P,507500
dumatph01,2011,MIN,P,401500
duncach01,2009,SLN,OF,825000
duncaco01,2002,CHN,P,200000
duncama01,1997,TOR,2B,870000
duncash01,2013,TBA,1B,500000
dunnad01,2014,CHA,P,15000000
dunnemi01,1992,CHA,P,222500
dunnmi01,2019,COL,P,3450000
dunnto01,1997,ML4,OF,172000
dunstsh01,2002,SFN,SS,1150000
dunwoto01,2002,CLE,OF,232500
duranmi01,1996,MIN,C,109000
duranro01,1998,DET,P,177500
durazer01,2005,OAK,1B,4700000
durbich01,2013,PHI,P,850000
durbijd01,2007,PHI,P,380000
durhale01,1989,SLN,1B,175000
durhara01,2008,MIL,2B,7500000
durocja01,2003,MIL,P,320000
durritr01,2005,MIL,3B,305000
duvalad01,2024,ATL,OF,510000
duvalmi01,2001,MIN,P,225000
dwyerji01,1990,MIN,OF,240000
dyeje01,2009,CHA,OF,11500000
dyermi01,1996,MON,P,175000
dykstle01,1996,PHI,OF,6000000
dysonja01,2021,TOR,OF,1725000
dysonsa01,2019,MIN,P,525270
easleda01,2008,NYN,SS,950000
easlemi01,1987,NYA,OF,700000
easteja01,1987,CLE,P,370000
eatonad01,2009,COL,P,7958333
eatonad02,2021,LAA,P,2750000
eavega01,1990,SEA,P,62500
echevan01,2002,CHN,OF,280000
eckerde01,1998,BOS,P,1500000
eckstda01,2010,SDN,2B,1000000
edenfke01,1996,CAL,P,112000
edensto01,1995,CHN,P,475000
edginjo01,2017,NYN,P,625000
edmonbr01,1999,FLO,P,269000
edmonji01,2010,CIN,OF,850000
edwarjo02,2019,CLE,P,509600
edwarwa01,1991,CHA,P,140000
eenhoro01,1997,ANA,SS,182500
eglofbr01,1991,CLE,P,100000
eichhma01,1996,CAL,P,170000
eickhje01,2022,PIT,P,516000
eilanda01,2000,TBA,P,300000
einerda01,2000,NYA,P,206000
eischjo01,2006,WAS,P,1300000
eisenji01,1998,LAN,OF,1400000
ekstrmi01,2012,COL,P,402700
elartsc01,2008,CLE,P,4000000
elbersc01,2014,LAN,P,575000
eldrebr01,2010,COL,1B,382000
eldreca01,2005,SLN,P,600000
elliodo01,1995,SDN,P,135000
ellisaj01,2018,SDN,OF,4500000
ellisja01,2008,TEX,OF,390000
ellisma01,2014,SLN,3B,5250000
ellsbja01,2017,NYA,OF,21142857
ellswst01,1988,BOS,P,62500
elsteke01,2000,LAN,SS,300000
elvirna01,1990,ML4,P,100000
emausbr01,2011,NYN,2B,414000
embreal01,2009,COL,P,2000000
encaran01,1997,ANA,C,180000
encared01,2019,NYA,1B,10000000
encarju01,2007,SLN,OF,6500000
engleda01,1989,ML4,C,150000
englije01,2010,WAS,P,400000
enrigba01,2013,LAA,P,418000
ensbemo01,2008,NYA,3B,1750000
eovalna01,2025,TEX,P,5600000
epparji01,1989,CAL,1B,62500
eppleco01,2013,NYA,P,510350
erdosto01,2001,BOS,P,203800
erickjo01,1997,PIT,P,200000
ericksc01,2006,NYA,P,525000
erlinro01,2022,LAN,P,504500
erstada01,2009,HOU,OF,1750000
esaskni01,1990,ATL,1B,2150000
escaled01,2013,COL,P,491000
escalfe01,2005,NYA,SS,200000
escalse01,2011,HOU,P,490500
escobal01,2006,WAS,OF,530000
escobal02,2022,WAS,SS,5250000
escobed01,2023,LAA,P,2150000
escobke01,2009,LAA,P,1250000
escobyu01,2017,LAA,3B,7000000
eshelva01,1997,BOS,P,182000
espinal01,1997,SEA,SS,400000
espinda01,2017,TBA,SS,2875000
espinju01,1986,NYA,C,65000
espyce01,1993,CIN,OF,400000
estalbo02,2004,TOR,C,550000
estessh01,2008,SDN,P,1100000
estraho01,2001,COL,P,203000
estrajo01,2008,WAS,C,1250000
estrama01,2019,OAK,P,11500000
estrele01,2004,SFN,P,316000
etherse01,2006,KCA,P,224000
ethiean01,2017,LAN,OF,18000000
eusebto01,2001,HOU,C,1300000
evansba02,1998,KCA,P,170000
evansda01,1989,ATL,3B,415000
evansdw01,1991,BAL,OF,800000
evanste01,2010,LAA,OF,405000
evansto01,2000,TEX,3B,220000
evelada01,2016,TBA,P,895000
everead01,2011,CLE,SS,700000
evereca01,2006,SEA,OF,3400000
eversbr01,1998,SLN,P,185000
eyresc01,2009,PHI,P,2000000
eyrewi01,2011,BAL,P,410000
fabrejo01,2002,MIL,C,500000
faheybr01,2008,BAL,SS,390000
fajarhe01,1995,TEX,P,110000
falkebr01,2008,SDN,P,302500
familje01,2023,OAK,P,4100000
faneyri01,1996,TEX,OF,115000
fariepa01,1993,SFN,SS,122500
farismo01,1993,FLO,OF,136000
farmebu01,2024,CIN,P,509500
farmeho01,1990,MON,P,100000
farnsje01,2002,DET,P,200000
farnsky01,2014,HOU,P,1250000
farquda01,2018,CHA,P,527000
farrejo03,1996,DET,P,200000
farrst01,1994,BOS,P,900000
fasansa01,2008,CLE,C,425000
fasseje01,2006,SFN,P,750000
faulkan01,2016,TEX,P,508500
febleca01,2003,KCA,SS,775000
federti01,2019,TEX,P,491000
feierry01,2019,TOR,P,405000
feldemi01,1994,HOU,OF,850000
feldmsc01,2017,CIN,P,8000000
felicpe01,2013,NYN,P,3750000
felixju01,1994,DET,OF,350000
felizmi01,2022,BOS,P,508200
felizne01,2021,LAN,P,3900000
felizpe01,2010,SLN,3B,4500000
fermife01,1996,CHN,SS,850000
fernaal01,2000,FLO,P,7000000
fernaja01,2006,MIL,P,337000
fernajo02,2016,MIA,P,2800000
fernaos01,2001,CIN,P,600000
fernasi01,1997,HOU,P,375000
fernato01,2001,MIL,3B,600000
ferreje01,2017,DET,P,507500
fettemi01,2004,ARI,P,500000
fickro01,2007,WAS,OF,850000
fieldbr01,1989,SEA,OF,62500
fieldce01,1998,CLE,1B,170000
fieldjo02,2010,KCA,3B,422000
fieldjo03,2018,LAN,P,900000
fieldna01,2007,FLO,P,327500
fieldpr01,2016,TEX,1B,24000000
fienca01,2017,PHI,P,2275000
fiersmi01,2021,OAK,P,524100
fifest01,2014,LAN,P,492500
figgami01,1999,BAL,C,203650
figgich01,2014,LAN,SS,9500000
figueco01,2016,PIT,SS,550000
figuene01,2011,HOU,P,900000
figuepe01,2014,TEX,P,492500
fikacje01,2004,MON,P,350000
filebo01,2004,TOR,P,310000
filerto01,1992,NYN,P,255000
filsope01,1990,KCA,P,180000
fimplja01,1987,CAL,C,75000
fingero01,1985,ML4,P,1065000
finlech01,2002,SLN,P,7911948
finlest01,2007,COL,OF,1000000
finnebr01,2018,CIN,P,511500
fioreto01,2003,MIN,P,330000
fireost01,1992,TEX,P,120000
fischmi01,1986,NYA,SS,200000
fishebr01,1992,SEA,P,404000
fiskca01,1993,CHA,C,1000000
fistedo01,2018,TEX,P,7000000
fitzgmi02,1992,CAL,OF,350000
flahejo01,2005,NYA,C,800000
flahery01,2019,CLE,3B,1500000
flanami01,1992,BAL,P,600000
flannti01,1989,SDN,3B,400000
flemida01,1995,KCA,P,750000
flenehu01,1997,TOR,P,109000
fletcda01,2002,TOR,C,3825000
fletcsc01,1995,DET,SS,250000
florake01,1995,PHI,OF,110000
floredo01,1995,NYN,P,109000
floreje02,2012,WAS,C,815000
florera01,2010,MIN,P,650000
florera02,2017,LAA,OF,508800
florewi01,2025,SFN,3B,526014
floribr01,2001,BOS,P,1450000
floripe01,2018,PHI,SS,521000
flowety01,2020,ATL,C,2000000
floydcl01,2007,CHN,OF,750000
floydga01,2016,TOR,P,1000000
flynndo01,1985,DET,SS,325000
foggjo01,2009,COL,P,400000
foleyto02,1995,MON,2B,160000
foltymi01,2021,TEX,P,508750
fontejo01,1998,FLO,P,170000
fontemi01,2012,PHI,3B,1050000
fontera01,1986,MIN,P,240000
fonvich01,1999,BOS,2B,240000
foppeje01,2005,SFN,P,312000
fordbe01,2004,MIL,P,310000
fordcu01,1990,PHI,OF,195000
fordda01,1984,BAL,OF,350000
fordhto01,1998,CHA,P,175000
fordle01,2012,BAL,OF,985000
fordma01,2003,MIL,P,300000
fordybr01,2004,TBA,C,650000
forscbo01,1989,HOU,P,975000
forscke01,1986,CAL,P,100000
forstte01,1986,CAL,P,170000
forsylo01,2020,MIA,P,2250000
fortuba01,2006,NYN,P,317000
fortuti01,1995,CHA,P,130000
fossato01,1999,NYA,P,170000
fossuca01,2009,NYN,P,2725000
fostege01,1986,CHA,OF,2800000
fostejo01,2005,ATL,P,350000
fosteke01,2001,TEX,P,1450000
fostest01,1993,CIN,P,135000
foulkke01,2008,OAK,P,700000
fowlede01,2021,LAA,OF,8000000
foxan01,2004,TEX,OF,450000
foxch02,2009,CHN,P,575000
foxer01,1995,TEX,OF,154000
foxja02,2011,BAL,OF,424000
francbe01,2013,NYA,OF,1537500
francfr01,2014,CHA,P,6500000
francje01,2015,TOR,P,1500000
francje02,2016,MIA,OF,1000000
francjo01,2005,HOU,P,700000
francju01,2007,ATL,1B,1150000
francju02,2014,TOR,3B,496250
francma01,2003,ATL,OF,800000
francma02,2022,WAS,3B,517500
francte01,1990,ML4,1B,150000
frandke01,2015,SFN,1B,900000
frankni01,2018,MIL,2B,1021800
frankry01,2011,SLN,P,3250000
frankwa01,2006,ATL,P,360000
frascjo01,2001,TOR,P,700000
frasewi01,1995,MON,P,150000
frasoja01,2015,ATL,P,1250000
frazige01,1987,MIN,P,633333
frazilo01,1998,CHA,OF,170000
frazito01,2021,PIT,3B,8250000
fredeke01,2004,TOR,P,200000
fredrsc01,1993,COL,P,118000
freelry01,2009,KCA,OF,4000000
freemch01,2006,COL,OF,329000
freemfr01,2025,LAN,1B,12359375
freemma02,1996,CHA,P,2500000
freemsa01,2020,WAS,P,517000
freesda01,2019,LAN,3B,3000000
freimna01,2014,OAK,1B,490000
freyst01,1996,PHI,P,915000
friasha01,2000,ARI,SS,243500
friedch01,2016,SDN,P,512500
frierer01,2017,TEX,P,800000
frohwto01,1996,CAL,P,975000
fryeje01,2001,TOR,SS,1000000
fryerer01,2017,SLN,C,575000
frymatr01,2002,CLE,3B,5825000
fuentbr01,2012,SLN,P,5000000
fuentre01,2017,ARI,OF,508450
fujikky01,2015,TEX,P,1100000
fukudko01,2012,CHA,OF,500000
fukumka01,2008,TEX,P,1400000
fulchje01,2011,SDN,P,467000
fuldsa01,2015,OAK,OF,1925000
fullmbr01,2004,TEX,1B,1000000
fultzaa01,2007,CLE,P,1500000
furbuch01,2015,SEA,P,1600000
furcara01,2014,MIA,2B,3500000
fussech01,2000,KCA,P,210000
fyhrimi01,2002,OAK,P,240000
gabbaka01,2008,TEX,P,396390
gaettga01,1999,CHN,SS,350000
gagneer01,2008,MIL,P,10000000
gagnegr01,1997,LAN,SS,3000000
gainety01,1987,HOU,OF,68000
gakelda01,1991,DET,P,150000
galaran01,2004,ANA,1B,500000
galarar01,2012,HOU,P,2300000
gallada01,1995,CAL,OF,250000
gallase01,2010,PIT,P,413500
gallayo01,2018,TEX,P,8728776
gallemi01,1997,SLN,SS,300000
gallomi01,2006,HOU,P,365000
galvifr01,2021,PHI,SS,2000000
gamelma01,2012,MIL,3B,481000
gantjo01,2021,MIN,P,507500
gantnji01,1992,ML4,3B,1150000
gantro01,2003,OAK,OF,350000
garagke01,1994,MIN,P,109000
garbege01,1988,KCA,P,500000
garcefr01,2015,SDN,P,508500
garceri01,2002,BOS,P,2200000
garciad01,2017,ATL,OF,508750
garcian01,2007,PHI,P,390000
garciav01,2024,MIA,OF,2100000
garcica01,1999,SDN,3B,265000
garcida01,1989,MON,3B,500000
garcifr01,1999,ATL,OF,4000000
garcifr02,2013,ATL,P,1500000
garcigr01,2020,SDN,3B,507500
garcigu01,1999,FLO,C,200000
garciha01,2007,FLO,P,390000
garcija01,2018,OAK,P,6500000
garcija02,2018,CHN,P,11500000
garcije01,2005,SDN,SS,312500
garcijo01,2006,FLO,P,380000
garcika01,2004,BAL,OF,800000
garcile02,2022,CHA,SS,505500
garcilu02,2002,BAL,OF,200000
garcilu03,2025,LAA,P,509000
garcino01,2009,OAK,3B,1000000
garcira03,1997,HOU,P,260000
garcire01,2003,TEX,P,301500
garciyi01,2025,TOR,P,517500
gardero01,1985,NYN,SS,100000
gardimi01,1995,DET,P,165000
gardnbr01,2021,NYA,OF,13500000
gardnje01,1994,MON,3B,109000
gardnle01,2008,FLO,P,402500
gardnma01,2001,SFN,P,1750000
gardnwe01,1991,KCA,P,575000
garkory01,2010,TEX,1B,550000
garlajo01,2013,COL,P,500000
garlawa01,1981,CLE,P,215000
garneph01,1988,SFN,3B,375000
garresc01,1991,SFN,P,2400000
garvest01,1987,SDN,1B,1450000
garzama01,2017,MIL,P,12209424
gassnda01,2005,MIN,P,327000
gatesbr01,1999,MIN,SS,425000
gathrjo01,2011,BOS,OF,800000
gattiev01,2018,HOU,C,3300000
gaudich01,2013,SFN,P,750000
gausmke01,2025,TOR,P,532000
gearrco01,2020,MIN,P,550000
gearyge01,2009,HOU,P,1700000
gedmari01,1992,SLN,C,200000
geedi01,2017,MIN,P,2000000
geltzst01,2016,TBA,P,519300
gennesc01,2019,SFN,2B,518100
gentrcr01,2018,BAL,OF,1000000
georgch02,2004,KCA,P,303500
gerenbo01,1993,SDN,C,125000
gerhake01,1988,BAL,OF,83000
germaes01,2011,TEX,3B,1000000
germafr01,2008,TEX,P,390000
germaju01,2014,TEX,P,415600
germego01,2016,COL,P,504875
gerutjo01,2010,MIL,OF,2000000
gervasa01,2010,HOU,P,402500
getzch01,2014,TOR,2B,1050000
giambja01,2012,COL,1B,750000
giambje01,2003,BOS,OF,2000000
giarrto01,2005,DET,SS,380000
giavojo01,2017,BAL,2B,532500
gibboja01,2011,LAN,OF,650000
gibbojo02,1986,NYN,C,75000
gibrast01,1996,CIN,OF,150000
gibsode01,1999,COL,OF,208000
gibsoki01,1995,DET,OF,1300000
gibsoky01,2025,BAL,P,587500
gibsopa01,1996,NYA,P,250000
gideobr01,1990,MON,P,62500
gilbe01,2003,ANA,SS,725000
gilesbr01,1990,SEA,SS,80000
gilesbr02,2009,SDN,OF,9000000
gileske01,2022,SEA,P,528200
gilesma01,2007,SDN,2B,3250000
gilge01,2007,COL,C,342500
gilje01,2004,ARI,SS,380000
gilkebe01,2001,ATL,OF,5250000
gillaco01,2017,SFN,3B,550000
gimench01,2018,MIN,P,975000
gimenhe01,2013,CHA,C,493000
ginteke01,2005,OAK,OF,583333
gintema01,2008,CLE,P,333000
giovaed01,1999,SDN,SS,181000
gipsoch01,2005,HOU,OF,350000
girarjo01,2003,SLN,C,725000
givenbr01,1996,ML4,P,135000
givenmy01,2023,BAL,P,511500
gladdda01,1993,DET,OF,1150000
glanvdo01,2004,PHI,OF,550000
glaubke01,2000,CIN,P,170000
glaustr01,2010,ATL,3B,1750000
glavito02,2008,ATL,P,1000000
gleatje01,1992,PIT,P,400000
gloadro01,2011,PHI,OF,1600000
glovega01,2008,DET,P,1075000
glynnry01,2005,OAK,P,240000
gobblji01,2009,CHA,P,1312500
godfrgr01,2012,OAK,P,480000
goedder01,2018,LAN,P,509125
goeddty01,2016,PHI,OF,507500
goffje01,1996,HOU,C,145000
gohrgr01,1996,CAL,P,200000
goinsry01,2020,CHA,SS,520200
goldspa01,2025,NYA,OF,5833333
goltzda01,1983,CAL,P,500000
gomesbr01,2015,TBA,P,507800
gomesjo01,2015,KCA,OF,4000000
gomeswa01,2002,BOS,P,925000
gomesya01,2024,CHN,C,2583333
gomezca01,2019,NYN,OF,9000000
gomezch02,2008,PIT,SS,1000000
gomezhe01,2015,MIL,SS,507500
gomezje01,2019,TEX,P,1400000
gomezle02,1996,CHN,SS,550000
gomezpa01,1995,SFN,P,120000
gonzaad01,2018,NYN,1B,21000000
gonzaal01,2006,PHI,SS,750000
gonzaal02,2014,DET,SS,1100000
gonzaal03,2013,NYA,SS,750000
gonzaan01,2009,FLO,SS,420000
gonzaca01,2019,CHN,OF,17428571
gonzadi01,2004,TBA,P,300000
gonzaed01,2013,HOU,P,411000
gonzaed02,2009,SDN,OF,407300
gonzaen01,2011,DET,P,435000
gonzaga01,1998,FLO,P,170000
gonzagi01,2020,CHA,P,12100000
gonzaje01,2006,MIL,P,1700000
gonzajo02,1992,CAL,OF,280000
gonzaju03,2004,KCA,OF,600000
gonzalu01,2008,FLO,OF,2000000
gonzalu02,2006,COL,OF,345000
gonzama01,2022,NYA,SS,2000000
gonzami02,2013,MIL,P,2250000
gonzami03,2018,CHA,P,3275000
gonzami05,2014,PHI,P,3666667
gonzare01,1997,COL,3B,232875
gonzawi01,2006,WAS,C,650000
goodedw01,2000,NYA,P,500000
goodwcu01,1999,TOR,OF,308000
goodwto01,2004,CHN,OF,650000
gordoal01,2020,KCA,OF,12000000
gordode01,2022,WAS,SS,3242202
gordodo01,1988,CLE,P,71500
gordoto01,2009,ARI,P,500000
gorecri01,1998,TBA,P,210000
gorete01,2022,NYN,OF,508500
gormato03,1987,SDN,P,150000
gorzeto01,2016,CLE,P,1000000
gosean01,2024,CLE,P,525000
gosewtu01,2017,SEA,C,514500
goslimi01,2009,CLE,P,317500
gossari01,1994,SEA,P,325000
gosseph01,2022,LAA,P,513900
gotayru01,2008,ATL,3B,403000
gottji01,1995,PIT,P,900000
gozzoma01,1994,NYN,P,68000
graboja01,2005,LAN,OF,327000
grabojo02,2011,CHN,P,4800000
gracema01,2003,ARI,1B,1750000
gracemi02,1999,PHI,P,240000
graffto01,2009,CLE,3B,3250000
grahejo01,1999,PHI,P,200000
grandcu01,2019,MIA,OF,16000000
grandya01,2024,PIT,C,2800000
grangje01,1997,PIT,P,200000
grantma01,1993,COL,P,540000
graveda01,2006,CLE,P,600000
graveke01,2025,ARI,P,512500
grayje01,1991,BOS,P,155000
grayje02,2012,MIN,P,485000
grayjo02,2025,TEX,P,509500
grayso01,2025,SLN,P,527500
grebecr01,2001,BOS,SS,700000
greenan01,2009,NYN,3B,330000
greenda03,1987,SLN,OF,275000
greengr01,2017,WAS,2B,502250
greenkh01,2009,SLN,SS,6500000
greenmi01,1996,BOS,OF,3700000
greenni01,2013,MIA,SS,550000
greensc01,2000,TEX,OF,200000
greense01,2011,MIL,P,875000
greensh01,2007,NYN,OF,9500000
greensh02,2023,CHN,P,517000
greenst01,2001,ANA,P,200000
greento01,1997,HOU,P,2000000
greento02,2006,SFN,C,700000
greenty01,1998,PHI,P,725000
greenty02,2013,CHA,2B,483000
greenwi01,2000,CHN,3B,395000
greerke01,1995,SFN,P,109000
greerru01,2002,TEX,OF,7400000
gregelu01,2019,SLN,P,6750000
greggke01,2015,CIN,P,1500000
greggto01,1997,ATL,OF,125000
gregodi01,2022,PHI,SS,2425000
greinza01,2023,KCA,P,31799030
greisse01,2005,ATL,P,240000
grichbo01,1986,CAL,3B,500000
grichra01,2025,KCA,OF,520000
grievbe01,2005,CHN,OF,700000
griffaj01,2017,TEX,P,492500
griffal01,1993,TOR,SS,500000
griffke01,1991,SEA,OF,510000
griffke02,2009,SEA,OF,2350000
griffmi02,1989,CIN,P,65000
grillja01,2017,TEX,P,3625000
grimmju01,2022,OAK,P,1275000
grimsja01,2006,ARI,P,825000
grissma02,2005,SFN,OF,2750000
groombu01,2005,ARI,P,3000000
grossga01,2010,OAK,OF,750000
grossgr01,1989,HOU,P,320000
grosske01,1997,ANA,P,3300000
grosski01,2000,HOU,P,500000
grossro01,2024,KCA,OF,515000
grosswa01,1986,OAK,3B,60000
groteje02,1995,KCA,1B,109000
grubbjo01,1987,DET,OF,365000
grubeke01,1993,CAL,OF,4333334
grudzma01,2010,CLE,2B,600000
gryboke01,2006,WAS,P,877500
guantce01,1990,CLE,P,650000
guarded01,2009,TEX,P,1000000
gubicma01,1997,ANA,P,1600000
guerral01,2015,LAN,OF,7500000
guerrja01,2021,WAS,P,937500
guerrju01,1992,HOU,SS,109000
guerrma02,2014,MIN,P,4711499
guerrpe01,1992,SLN,OF,2425000
guerrvl01,2010,TEX,OF,7611455
guerrwi01,2004,KCA,SS,850000
guettle01,1996,SEA,P,1600000
guevaca01,2008,SDN,P,390000
guevagi01,1999,SEA,SS,170000
guidrro01,1988,NYA,P,825000
guielaa01,2006,NYA,OF,320000
guillca01,2011,DET,2B,12922231
guilljo01,2010,SFN,OF,12000000
guilloz01,2000,TBA,SS,550000
gullibi01,1994,DET,P,2400000
gumpeda01,1987,KCA,P,64000
gundeer01,2000,TOR,P,450000
gurkaja01,2017,LAA,P,660000
guthrje01,2017,WAS,P,9000000
guthrma01,2003,CHN,P,1600000
gutiefr01,2017,LAN,OF,1500000
gutieja01,1988,PHI,SS,167500
gutieju01,2014,SFN,P,850000
gutieri01,2004,BOS,SS,4166667
guyerbr01,2018,CLE,P,1185000
guzmaan01,2009,CHN,P,825000
guzmacr01,2010,TEX,SS,8000000
guzmafr01,2009,NYA,OF,317000
guzmaje01,2014,HOU,OF,1300000
guzmajo01,1994,CHN,P,3675000
guzmajo02,1992,OAK,P,109000
guzmaju01,2000,TBA,P,6000000
gwynnch01,1996,SDN,OF,360000
gwynnto01,2001,SDN,OF,2000000
gwynnto02,2014,PHI,OF,900000
gyorkje01,2020,MIL,P,4000000
haasda01,1993,DET,P,137500
haasmo01,1987,OAK,P,578889
habyajo01,1996,COL,P,600000
hackmlu01,2003,SDN,P,345000
haegech01,2010,LAN,P,411000
hafnetr01,2007,CLE,1B,2000000
hagadni01,2015,CLE,P,517100
haguema01,2015,TOR,3B,480000
hahnje01,2025,SEA,P,507500
hairsje01,1987,CHA,OF,156667
hairsje02,2013,LAN,OF,3750000
hairssc01,2014,WAS,OF,2500000
halamjo01,2006,BAL,P,850000
halech01,1997,LAN,3B,280000
haleda02,2021,PHI,P,502500
hallal02,1989,PIT,OF,250000
hallaro01,2013,PHI,P,20000000
hallbi03,2012,BAL,OF,3000000
hallda01,1998,LAN,P,850000
halldr01,1990,MON,P,130000
halljo02,1997,DET,OF,120000
halljo03,2003,CIN,P,300000
hallme01,1996,SFN,OF,120000
hallto02,2008,CHA,C,1750000
halsebr01,2006,OAK,P,346000
haltesh01,2004,ANA,SS,575000
hamelbo01,1998,MIL,1B,450000
hamelco01,2020,ATL,P,22500000
hamilbi02,2023,CHA,OF,570000
hamilda02,2001,NYN,OF,3333333
hamilje01,1991,LAN,SS,431000
hamiljo02,2003,CIN,P,500000
hamiljo03,2015,TEX,OF,24000000
hammaat01,1995,CHA,P,100000
hammeja01,2018,KCA,P,9000000
hammoch01,2006,CIN,P,800000
hammoje01,2005,WAS,OF,1000000
hammoro01,2011,ARI,OF,409500
hampsju01,2012,NYN,P,402500
hamptmi01,2010,ARI,P,2000000
hamulti01,2006,LAN,P,327500
hancojo01,2007,SLN,P,430000
hancole01,1996,PIT,P,110500
handbr01,2023,ATL,P,520000
haneych01,2002,BOS,P,550000
haneyto01,1998,NYN,OF,127500
hanigry01,2017,COL,C,3700000
hannaja01,2014,CIN,1B,1000000
hanrajo01,2013,BOS,P,7040000
hansecr01,2009,PIT,P,825000
hanseda01,2005,SEA,3B,750000
hansegr01,1999,PIT,P,230000
hanseje01,1999,KCA,SS,204000
hansoer01,1998,TOR,P,3533333
hansoto01,2013,LAA,P,3725000
happja01,2021,SLN,P,10000000
haranaa01,2015,PHI,P,5000000
harderi01,2011,OAK,P,1500000
hardybl01,2021,MIL,P,520500
hardyjj01,2017,BAL,SS,12209424
harenda01,2015,CHN,P,10000000
hargeal01,1986,KCA,P,67000
hargrmi01,1985,CLE,1B,458333
harkemi01,1997,LAN,P,325000
harnipe01,2001,CIN,P,250000
harpebr01,1995,OAK,C,1000000
harpebr03,2025,PHI,1B,5000000
harpete01,1987,PIT,OF,425000
harpetr01,2006,TBA,P,850000
harrato01,1986,TEX,2B,700000
harrelu01,2017,TOR,P,500700
harribr01,2013,LAA,SS,1450000
harrige01,1995,BAL,P,450557
harrigr01,1995,MON,P,200000
harrigr02,1995,MIN,P,115000
harrije02,2006,SEA,P,332000
harrijo05,2023,PHI,P,5250000
harrile01,2005,FLO,OF,425000
harrima01,2015,TEX,P,13000000
harrimi03,2015,SLN,P,509000
harripe01,1998,ANA,P,305000
harrire01,1999,MIL,P,175000
harriwi01,2012,CIN,OF,800000
harriwi02,2021,WAS,P,525500
hartco01,2015,PIT,OF,2500000
hartgde01,1998,SFN,P,130000
hartke01,2009,PIT,P,417000
hartlmi01,1995,BAL,P,625000
hartmi02,1987,BAL,OF,62500
harvebr01,1995,FLO,P,500000
harveke01,2005,KCA,1B,317500
harvema01,2021,BAL,P,4325000
harvich01,2006,TBA,P,365000
hasegsh01,2005,SEA,P,3225000
haselbi01,2003,BOS,C,800000
hassero01,1991,MON,C,700000
hasslan01,1985,SLN,P,129166
hatchbi01,1995,TEX,OF,650000
hatchch02,2018,OAK,P,1065000
hatchmi01,1990,LAN,OF,450000
hattesc01,2008,CIN,1B,1850000
havenbr01,1989,DET,P,185000
hawkian01,1991,OAK,P,1533334
hawkila01,2015,TOR,P,2250000
hawksbl01,2011,LAN,P,495000
hawpebr01,2013,LAA,OF,2000000
hayesbr01,2015,CLE,C,630000
hayesch01,2001,HOU,3B,500000
hayesvo01,1992,CAL,OF,2200000
hayhudi01,2009,TOR,P,405000
hayneji01,2004,CIN,P,2500000
haynena01,2008,TBA,OF,400000
hazelje01,2017,ARI,OF,507500
headlch01,2018,SDN,3B,13000000
heanean01,2025,LAN,P,515000
hearned02,1988,KCA,C,80000
heathje02,1988,HOU,P,72000
heathmi02,1991,ATL,C,950000
heatone01,1993,NYA,P,250000
hebneri01,1985,CHN,OF,100000
hechaad01,2020,ATL,SS,2625000
heepda01,1991,ATL,OF,595000
hefneje01,2013,NYN,P,500625
heilmaa01,2011,ARI,P,2000000
heinkdo01,1989,SLN,P,85000
heintch01,2007,MIN,C,380000
heisech01,2017,WAS,OF,1250000
helfaer01,1995,OAK,C,112000
hellije01,2019,WAS,P,7000000
helliri01,2006,MIL,P,850000
helmswe01,2011,FLO,3B,1000000
heltoto01,2013,COL,1B,6175000
hembrhe01,2023,TBA,P,509500
hemonsc01,1995,SLN,C,350000
hendeda01,1994,KCA,OF,750000
hendeji01,2016,NYN,P,600000
henderi01,2003,LAN,OF,350000
hendero01,1998,MIL,P,109000
hendest01,1988,HOU,OF,75000
hendrge01,1988,CAL,OF,989333
hendrky01,2025,LAA,P,541000
hendrli01,2025,BOS,P,523400
hendrma01,2011,BAL,P,1200000
henketo01,1995,SLN,P,2325000
henlebo01,1998,MON,C,200000
hennebr01,2008,SFN,P,1600000
hennemi01,1996,TEX,P,250000
hennse01,2013,NYN,P,397448
henrios01,2002,DET,P,170000
henrybu01,1999,SEA,P,1500000
henrydo01,2001,KCA,P,1200000
henrydw01,1995,DET,P,450000
henslcl01,2012,SFN,P,750000
henslma01,2004,ANA,P,317500
hentgpa01,2004,TOR,P,2200000
heredfe01,2005,NYN,P,1800000
heredgi01,2001,OAK,P,3300000
heredwi01,1997,TEX,P,150000
hergema01,2009,COL,P,2000000
hermach01,2004,TOR,OF,312500
hermadu01,2006,CHA,P,3150000
hermije01,2012,SDN,OF,800000
hernaad01,2004,MIL,P,425000
hernaal01,2001,PIT,OF,205000
hernaan01,2010,HOU,SS,400000
hernaca01,2000,SLN,C,3500000
hernaca03,2004,HOU,P,310000
hernace01,1993,CIN,OF,120000
hernace02,2022,WAS,OF,525000
hernada01,2019,CIN,P,3900000
hernadi01,2011,ATL,SS,400000
hernaen02,2025,LAN,P,520000
hernafe01,1997,DET,P,150000
hernafe02,2019,SEA,P,25857143
hernafe03,2008,OAK,P,390000
hernaje02,1995,FLO,P,207281
hernajo01,2006,PHI,SS,850000
hernake01,1990,CLE,1B,1750000
hernali01,2012,MIL,P,750000
hernalu01,2012,TEX,SS,390000
hernaor01,2007,NYN,P,7000000
hernara02,2013,LAN,C,6000000
hernaro01,2007,LAN,P,7000000
hernaru03,2008,HOU,P,325000
hernawi01,1989,DET,P,1310000
hernaxa01,1998,TEX,P,1000000
herndda01,2012,PHI,P,495000
herndla01,1988,DET,OF,375000
herreda01,2011,NYN,P,412500
herreel01,2015,MIL,OF,500000
herrejo02,1996,OAK,OF,109000
herrejo03,2015,CHN,SS,900000
herreke01,2020,CHA,P,2550000
herreod01,2022,PHI,OF,528000
herrmch01,2019,OAK,OF,515900
herrmfr01,2016,PHI,P,419800
herrto01,1991,SFN,3B,1400000
hershor01,2000,LAN,P,2000000
heskejo01,1994,BOS,P,1750000
hessmmi01,2010,NYN,3B,300000
hestejo01,2013,LAA,C,495000
hestoch01,2017,MIN,P,530000
hetzeer01,1990,BOS,P,115000
heywaja01,2025,SDN,OF,19555288
hiattph01,2001,LAN,3B,150000
hibbagr01,1994,SEA,P,152000
hickebr01,1995,COL,P,400000
hickeke01,1991,BAL,P,250000
hicksaa01,2024,LAA,P,574000
hicksbr01,2014,SFN,OF,414000
hidalri01,2005,TEX,OF,5000000
higgibo02,2005,DET,OF,8850000
higuete01,1994,ML4,P,3500000
hiljuer01,2002,OAK,P,237500
hillaa01,2017,SFN,OF,12000000
hillbo01,2005,PIT,3B,326000
hilldo01,1992,MIN,SS,400000
hillesh01,1993,OAK,P,210000
hillesh02,2007,LAN,3B,6000000
hillgl01,2000,NYA,OF,1500000
hillke01,2001,TBA,P,750000
hillko01,2014,PHI,C,850000
hillma01,1986,CHA,C,275000
hillmer01,1994,NYN,P,170000
hillmi01,1994,SEA,P,158000
hillri01,2025,KCA,P,6000000
hillsh01,2012,TOR,P,500000
hinchaj01,2004,PHI,C,260000
hinchbr01,2001,NYN,P,200000
hinckmi01,2009,WAS,P,400000
hinojda01,2016,PHI,P,514000
hinshal01,2012,CHN,P,401750
hinsker01,2013,ARI,1B,1350000
hinzoto01,1989,CLE,SS,75000
hirshja01,2008,COL,P,396000
hitchst01,2004,SDN,P,6000000
hochelu01,2016,KCA,P,5500000
hockide01,2005,KCA,SS,650000
hodgetr01,2003,ATL,P,300000
hoeslj01,2015,HOU,OF,502900
hoeyja02,2011,MIN,P,390000
hoffmgl01,1989,CAL,SS,160000
hoffmgu01,1988,TEX,P,75000
hoffmtr01,2010,MIL,P,7500000
hoffpja01,2010,TOR,3B,414800
hoffpmi01,2010,CHN,OF,407500
hoilech01,1998,BAL,C,3600000
holadbr01,2021,ARI,P,519000
holbera01,2000,KCA,SS,225000
holdrda01,1998,SEA,P,170000
hollaal01,1987,NYA,P,400000
hollade01,2021,DET,P,7400000
hollagr01,2022,TEX,P,8250000
hollama01,2014,PHI,P,512500
hollato01,2006,CIN,OF,900000
hollida01,2002,PHI,1B,400000
hollida02,2006,TBA,OF,346200
hollije01,1992,CHN,P,109000
hollima01,2018,COL,OF,17000000
holmabr01,1991,SEA,P,950000
holmash01,1989,DET,P,100000
holmeda01,2003,ATL,P,700000
holmst01,2011,MIN,C,390000
holtbr01,2021,TEX,P,606000
holtch01,2001,DET,P,1850000
holtobr01,1990,BAL,P,347500
holtty01,2016,CIN,P,508000
holtzmi01,2006,BOS,P,825000
holzema01,2000,PHI,P,250000
honeyri01,1997,SLN,P,500000
hookch01,1996,SFN,P,109000
hootobu01,1985,TEX,P,690000
hoovejj01,2018,MIL,P,1400000
hoovepa01,2010,PHI,C,390000
hopejo01,1996,PIT,P,109000
hoppeno01,2008,CIN,OF,402500
horgajo01,2005,WAS,P,319000
hornebo01,1988,SLN,1B,950000
hornsa01,1990,BAL,1B,687500
horsmvi01,1995,MIN,P,109000
horstje01,2013,PHI,P,497000
hortori01,1990,SLN,P,120000
hoseydw01,1996,BOS,OF,225000
hosmeer01,2023,CHN,1B,8250000
houghch01,1994,FLO,P,800000
houltdj01,2007,LAN,P,316000
housepa02,1987,HOU,OF,215000
housetj01,2017,TOR,P,511900
houstty01,2003,PHI,3B,1000000
howarch02,1995,TEX,P,130000
howarda02,1999,SLN,SS,950000
howarry01,2016,PHI,1B,25000000
howarst01,1990,OAK,OF,100000
howarth01,2000,SLN,OF,650000
howelja01,1994,TEX,P,805000
howelja02,1999,HOU,3B,550000
howeljp01,2017,TOR,P,6250000
howelke01,1990,PHI,P,2000000
howest01,1996,NYA,P,500000
howitda01,1994,CHA,OF,100000
howrybo01,2010,CHN,P,2000000
hoype01,1992,BOS,P,109000
hoytla01,1986,SDN,P,1000000
hrbekke01,1994,MIN,1B,3100000
hubbagl01,1989,OAK,2B,425000
hubbami01,2001,TEX,C,174000
hubbatr01,2003,CHN,OF,300000
huberju01,2009,MIN,1B,390000
huch01,2011,NYN,SS,420000
huckake01,2006,BOS,C,313000
hudekjo01,1999,TOR,P,800000
hudlere01,1998,PHI,OF,1150000
hudsoch02,1989,DET,P,525000
hudsoda01,2024,LAN,P,2700000
hudsojo02,1998,MIL,P,150000
hudsolu01,2007,KCA,P,475000
hudsoor01,2012,CHA,3B,5500000
hudsoti01,2015,SFN,P,12000000
huffau01,2012,SFN,OF,10000000
huffda01,2016,LAA,P,493600
huffmi01,1996,TOR,OF,360000
hughebo01,1999,MIL,C,217000
hughedu01,2011,MIN,P,429000
hugheja02,2020,NYN,P,2175000
hugheke01,1993,CIN,OF,105000
hughelu01,2012,OAK,3B,485000
hugheph01,2018,SDN,P,9200000
huismma01,1991,PIT,P,150000
huismri01,1996,KCA,P,165000
huletti01,1995,SLN,SS,550000
hulseda01,1996,ML4,OF,270000
humbeph01,2013,HOU,P,480000
humeto01,1987,CIN,P,100000
humphmi01,1993,NYA,OF,112000
hundlni01,2019,OAK,C,3150000
hundlto01,2003,LAN,C,7000000
huntebr01,2000,PHI,OF,375000
huntebr02,2003,HOU,OF,1200000
huntece01,2016,PHI,OF,507500
hunteri01,1996,PHI,P,109000
hunteto01,2015,MIN,OF,10500000
hunteto02,2023,NYN,P,2000000
huntra01,1986,MON,C,65000
hurdlcl01,1987,NYN,1B,120000
hurleer01,2008,TEX,P,401000
hurstbr01,1994,TEX,P,3000000
hurstja01,1994,TEX,P,109000
hurstjo01,1994,NYN,P,125000
hurtaed01,1997,SEA,P,155000
huskebu01,2000,COL,OF,500000
husonje01,2000,CHN,SS,300000
hutchch01,2001,SLN,P,1175000
hutchdr01,2022,DET,P,520100
huttoma01,1998,CIN,P,265000
hyersti01,1999,FLO,OF,200000
hynesco01,2015,TOR,P,510800
hyzduad01,2006,TEX,OF,375000
iannech01,2019,COL,C,4250000
ibanera01,2014,KCA,OF,2750000
igarary01,2012,NYA,P,1250000
igawake01,2008,NYA,P,4000000
iglesjo01,2025,SDN,SS,2100000
iglesra01,2025,ATL,P,3214285
ignasmi01,1995,ML4,P,125000
iguchta01,2008,PHI,2B,3850000
ilslebl01,1994,CHN,P,109000
incavpe01,1998,HOU,OF,170000
inciaen01,2022,NYN,OF,523000
infanal01,1990,ATL,SS,114000
infanom01,2016,KCA,2B,7750000
ingebr01,2013,PIT,SS,1250000
inglejo01,2011,HOU,3B,416000
ingraga01,1997,LAN,OF,176000
innisje01,1993,NYN,P,850000
iorgda01,1986,SDN,P,210000
iorgga01,1987,TOR,3B,380000
irabuhi01,2002,TEX,P,550000
irvinda01,1992,BOS,P,100000
ishiika01,2005,NYN,P,3575000
ishiktr01,2015,PIT,OF,1100000
isrinja01,2012,LAA,P,650000
iwakuhi01,2017,SEA,P,10976096
iwamuak01,2010,OAK,3B,4850000
izturce01,2013,CIN,SS,875000
izturma01,2014,TOR,2B,3000000
jacksau01,2018,NYN,OF,5000000
jacksbo01,1994,CAL,OF,1000000
jacksch03,1994,TEX,3B,130000
jacksco01,2011,BOS,OF,3200000
jacksda02,1997,SDN,P,4600000
jacksda03,1999,CHA,OF,425000
jacksda04,2006,WAS,SS,700000
jacksed01,2019,DET,P,507500
jackslu01,2025,SEA,P,508500
jacksmi02,2004,CHA,P,500000
jacksre01,1987,OAK,OF,525000
jacksro03,1986,MIN,P,115000
jacksry01,2002,DET,OF,250000
jacksry02,2015,LAA,SS,490000
jacksza01,2009,CLE,P,403800
jacobbr01,1992,CLE,3B,550000
jacobbu02,2004,SEA,1B,325000
jacobmi02,2012,ARI,1B,900000
jacomja01,1998,CLE,P,220000
jahajo01,1999,OAK,1B,3250000
jakubch01,2011,BAL,P,400000
jamesbo01,1987,CHA,P,470000
jamesch02,1995,BOS,OF,310000
jamesch03,2011,MIN,P,427500
jamesdi01,1996,NYA,OF,350000
jamesmi01,2002,COL,P,500000
janispa01,2017,BAL,SS,725000
jankotr01,2025,NYN,P,508800
janseke01,2025,LAA,P,10650000
janssca01,2015,WAS,P,3500000
jaramja01,2011,PIT,C,422500
jarvike01,2006,BOS,P,4250000
jasojo01,2017,PIT,OF,4000000
javiest01,2001,SEA,OF,1500000
jayjo02,2021,LAA,OF,6225000
jeffcmi01,1994,FLO,P,390000
jeffegr01,2000,DET,OF,3125000
jeffere01,1999,BOS,1B,3400000
jeffest01,1991,CIN,OF,155000
jeffrje01,2020,CHN,P,519100
jeltzst01,1990,KCA,SS,410000
jenkige01,2008,PHI,OF,5000000
jenksbo01,2011,BOS,P,6000000
jennida01,2019,WAS,P,810000
jennide01,2016,TBA,OF,3300000
jennido01,1993,CHN,1B,103000
jennija01,2009,TEX,P,800000
jenniro01,2001,CIN,OF,310000
jensema01,2002,MIL,C,285000
jensery01,2005,KCA,P,317000
jepseke01,2018,TEX,P,5312000
jerzemi01,1998,NYA,P,200000
jeterde01,2014,NYA,SS,12000000
jimence01,2015,MIL,P,575000
jimenda01,2007,WAS,SS,750000
jimenjo01,2004,CLE,P,1025000
jimenlu02,2015,MIL,3B,508500
jimenub01,2017,BAL,P,12673102
jimerch01,2008,SEA,OF,390000
joaquwa01,2011,SFN,P,400500
johjike01,2009,SEA,C,7666666
johnsbe02,2007,NYN,OF,327500
johnsbr01,2001,LAN,C,550000
johnsch04,2005,TBA,C,9000000
johnsch05,2016,MIA,OF,8007500
johnscl01,1986,TOR,1B,725000
johnsda04,1993,DET,P,200000
johnsda05,1997,OAK,P,172500
johnsda06,2015,SLN,1B,1000000
johnsdo04,1999,BAL,P,300000
johnsel02,2014,CLE,OF,930000
johnser04,2016,SDN,P,500000
johnsho01,1995,CHN,SS,400000
johnsja01,1984,CHN,OF,150000
johnsja02,2008,LAN,P,3500000
johnsje02,1993,NYA,P,125000
johnsji04,2018,LAA,P,2500000
johnsjo04,1987,ML4,P,60000
johnsjo05,1987,TOR,P,157500
johnsjo06,1995,BOS,P,130000
johnsjo07,2000,SFN,P,2175000
johnsjo08,2003,HOU,P,202500
johnsjo09,2013,TOR,P,13750000
johnske05,2016,NYN,SS,2000000
johnsla03,2000,NYA,OF,350000
johnsma01,2002,NYN,OF,475000
johnsma02,2008,SLN,C,500000
johnsma03,2000,DET,P,200000
johnsmi02,2001,MON,P,220000
johnsmi03,2005,PIT,P,300000
johnsni01,2012,BAL,1B,800000
johnsra05,2009,SFN,P,8000000
johnsre02,2015,WAS,OF,1000000
johnsro06,2003,KCA,OF,300000
johnsro07,2013,SLN,P,421700
johnsru01,2005,NYA,OF,575000
johnsst02,2016,SEA,P,495000
johnsty01,2007,SLN,P,398000
johnswa03,1990,MON,1B,295000
johnto01,1989,NYA,P,375000
jonesad01,2019,ARI,OF,16329674
jonesan01,2012,NYA,OF,2000000
jonesba01,1993,CHA,P,1025000
jonesbo02,1986,TEX,OF,117500
jonesbo03,2002,SDN,P,4000000
jonesbo04,2004,BOS,P,270000
jonesca01,1992,SEA,P,132500
jonesch05,2000,MIL,OF,450000
jonesch06,2012,ATL,3B,14000000
jonesda05,1996,SFN,OF,109000
jonesdo01,2000,OAK,P,600000
jonesga02,2015,NYA,P,5000000
jonesgr01,2007,LAA,P,301500
jonesja04,2008,FLO,OF,6333333
jonesja05,2003,TEX,OF,4033333
jonesji02,1993,MON,P,400000
jonesly01,1986,KCA,OF,185000
jonesmi02,1985,KCA,P,100000
jonesna01,2021,LAN,P,900000
jonesod01,1988,ML4,P,107500
jonesro01,1987,KCA,SS,65000
jonesro02,1990,PHI,OF,130000
jonesru01,1987,CAL,OF,450000
joneste02,2001,MON,OF,225000
jonesti02,1993,SLN,SS,165000
jonesto02,2008,DET,P,7000000
jonestr01,1991,SEA,OF,525000
jordabr01,2006,ATL,OF,700000
jordake01,2001,PHI,3B,700000
jordari02,1996,SEA,1B,250000
jordari03,1998,CIN,P,200000
jordata01,2015,WAS,P,504300
jorgemi01,1985,SLN,OF,200000
jorgete01,1993,MIN,SS,119000
josefe01,2003,ARI,OF,1950000
josepca01,2020,TOR,C,523500
joycema01,2021,PHI,OF,1000000
joynewa01,2001,ANA,1B,200000
juddmi01,2001,TEX,P,208000
judenje01,1999,NYA,P,1000000
juliojo01,2009,MIL,P,950000
jungeer01,2003,PHI,P,300000
jungmta01,2017,MIL,P,518500
juraked01,1989,SFN,SS,125000
jurrjja01,2014,COL,P,5500000
justida01,2002,OAK,OF,7000000
kaaihki01,2012,OAK,1B,482500
kaiseje01,1993,NYN,P,110000
kalisry01,2016,CHN,OF,550000
kamiesc01,2000,ATL,P,1850000
kangju01,2019,PIT,SS,2500000
kaplega01,2010,TBA,OF,1054000
karchma01,2000,CHN,P,776000
karkoro01,1997,CHA,C,1500000
karlsc01,2000,ANA,P,625000
karnsna01,2019,BAL,P,523700
karpry01,1997,PHI,P,150000
karroer01,2004,OAK,1B,550000
karsast01,2006,OAK,P,6000000
karstje01,2012,PIT,P,3100000
katama01,2009,HOU,OF,415000
kawakke01,2010,ATL,P,7333666
kawasmu01,2016,CHN,3B,625000
kazmisc01,2021,SFN,P,14985384
keaglgr01,1998,DET,P,200000
kearnau01,2013,MIA,OF,600000
kearnbo01,1987,SEA,C,300000
keislra01,2007,SLN,P,211400
kelake01,2021,SDN,P,518000
kellesh01,2019,TEX,P,4000000
kellydo01,2016,MIA,1B,1250000
kellyjo05,2024,LAN,P,2600000
kellymi02,1999,COL,OF,235000
kellypa03,1999,TOR,2B,325000
kellyro01,2000,NYA,OF,800000
kempma01,2020,COL,OF,21500000
kempst01,1988,TEX,OF,1320000
kendaja01,2010,KCA,C,3750000
kendrho01,2020,WAS,1B,9540378
kendrky01,2017,BOS,P,5500000
kennead01,2012,LAN,OF,800000
kenneia01,2023,TEX,P,7500000
kennejo04,2007,TOR,P,2800000
kennete02,1991,SFN,C,500000
kensilo01,2016,DET,P,575000
kentje01,2008,LAN,2B,9000000
kentst01,2002,TBA,P,200000
keougma02,1986,HOU,P,100000
keppije01,2013,CHA,3B,3500000
kepshku01,1986,SLN,P,100000
kerfech01,1990,ATL,P,122000
kernji01,1986,CLE,P,90000
kershcl01,2025,LAN,P,33000000
kershja01,2004,TOR,P,315000
keuchda01,2024,MIL,P,7250000
keyji01,1998,BAL,P,5390825
keysebr01,1996,CHA,P,145000
kidama01,2005,SEA,P,1600000
kieckda01,1991,BOS,P,167500
kiefema01,1996,ML4,P,130000
kiefest01,1989,NYA,3B,95000
kieltbo01,2007,BOS,OF,2100000
kielyjo01,1993,DET,P,140000
kiermke01,2024,LAN,OF,514400
kiescbr01,2004,MIL,P,380000
kileda01,2002,SLN,P,7166667
kilgupa01,1993,SLN,P,225000
kimbrcr01,2025,HOU,P,11000000
kimby01,2007,FLO,P,2500000
kimhy01,2017,PHI,OF,2800000
kimsu01,2006,CIN,P,600000
kingcu01,1999,SLN,P,210000
kingemi01,1996,PIT,OF,750000
kinger01,1992,DET,P,1200000
kingje01,1999,KCA,1B,4000000
kingke01,1995,SEA,P,109000
kingmda01,1986,OAK,1B,730000
kingra01,2008,WAS,P,850000
kingsge01,2003,DET,OF,340000
kinkami01,2003,LAN,OF,320000
kinnejo01,2012,SEA,P,405000
kinnema01,2005,SFN,P,400000
kinslia01,2019,SDN,P,14000000
kintzbr01,2021,PHI,P,1075000
kipnija01,2020,CHN,2B,6166667
kippebo01,1992,MIN,P,1000000
kirbywa01,1998,NYN,OF,450000
kirkmmi01,2016,MIL,P,495800
kisonbr01,1985,BOS,P,370000
kittlro01,1991,CHA,1B,550000
klassda01,2003,DET,SS,227500
kleinph01,2016,PHI,P,509500
kleskry01,2007,SFN,OF,1750000
klinest02,2007,SFN,P,1750000
klingsc01,1998,CIN,P,109000
klinkjo01,1996,SEA,P,200000
klubeco01,2023,BOS,P,4700000
kmakjo01,1995,CHN,C,130000
knackbr01,1996,BOS,P,114000
knebeco01,2022,PHI,P,513000
kneppbo01,1990,SFN,P,68000
kniceal01,1986,SLN,C,80000
knighra01,1988,DET,OF,525000
knoblch01,2002,KCA,OF,2000000
knorrra01,2001,MON,C,310000
knottga01,2004,DET,P,316000
knudsma01,1993,COL,P,485000
kobayma01,2009,CLE,P,3000000
koberje01,2014,WAS,2B,501000
kochbi01,2004,FLO,P,6375000
koehlto01,2017,TOR,P,3500000
kohlmry01,2001,BAL,P,230000
kohnmi01,2015,ATL,P,515000
kolbda01,2007,PIT,P,2000000
komater01,2012,MIN,OF,480000
komiysa01,2002,NYN,P,500000
kommibr01,1991,OAK,OF,170000
konerpa01,2014,CHA,1B,2500000
kontoge01,2018,NYA,P,1150000
kooda01,2005,NYN,P,450000
koosmje01,1985,PHI,P,600000
koplomi01,2007,CLE,P,825000
koronjo01,2009,FLO,P,329000
koskico01,2006,MIL,3B,5750000
kosloke01,1996,ML4,OF,130000
kotchca01,2013,MIA,1B,3000000
kotsama01,2013,SDN,OF,1300000
kottage01,2014,TOR,C,1000000
kouzmke01,2014,TEX,3B,4750000
kozmape01,2021,OAK,SS,522000
kraemjo01,1990,CHN,P,100000
kramera01,1992,SEA,P,150000
krameto01,1993,CLE,P,109000
kratzer01,2020,NYA,P,850000
krausma01,2015,DET,1B,502300
krawcra01,1989,ML4,P,67000
krencwa01,1986,MON,OF,320000
kreutch01,2003,TEX,C,750000
krivdri01,1998,CIN,P,205000
krolia01,2021,DET,P,515000
kroonma01,2004,COL,P,176000
kruegbi01,1995,SEA,P,1300000
krukjo01,1995,CHA,1B,1000000
krukomi01,1989,SFN,P,875000
kubelja01,2014,MIN,OF,2000000
kubinti01,1999,OAK,P,150000
kunkeje01,1992,CHN,SS,140000
kuoho01,2011,LAN,P,2725000
kurodhi01,2014,NYA,P,16000000
kutchra01,1990,BOS,OF,175000
kutzlje01,1990,CHA,P,100000
lackejo01,2017,CHN,P,16000000
lacorfr01,1984,CAL,P,346667
lacosmi01,1991,SFN,P,1450000
lacyke01,1997,BOS,P,170000
lacyle01,1987,BAL,OF,525000
laddpe01,1986,SEA,P,160000
laffeaa01,2015,COL,P,480000
lagami01,1990,SFN,1B,155000
lagarju01,2022,LAA,OF,2500000
lahaibr01,2012,CHN,OF,482500
lahtije01,1986,SLN,P,450000
lairdge01,2015,ARI,C,1000000
lakeju01,2016,TOR,OF,502500
lakerti01,2006,CLE,C,450000
lakest01,1993,CHN,C,275000
lambda01,2002,MIN,SS,200000
lambja01,2023,LAA,P,520300
lambjo02,2018,LAA,P,507500
lambmi01,2010,FLO,1B,500000
lamboan01,2015,PIT,OF,3000000
lampde01,1992,PIT,P,750000
lampkto01,2002,SDN,C,1250000
lancale01,1993,SLN,P,350000
landrbi01,1993,CIN,P,950000
landrke01,1987,LAN,OF,737500
landrti01,1988,BAL,OF,300000
laneja01,2014,SDN,P,1050000
langery01,2013,TOR,1B,525000
langfri01,1986,OAK,P,500000
langsma01,1999,CLE,P,350000
lankffr01,1998,LAN,P,170000
lankfra01,2004,SLN,OF,650000
lannajo01,2014,NYN,P,1500000
lansfca01,1992,OAK,SS,1150000
lansimi01,2001,BOS,SS,6250000
lapoida01,1991,PHI,P,850000
laporma01,2012,CLE,1B,431400
larisje01,2010,OAK,OF,403000
larkiba01,2004,CIN,SS,700000
larkige01,1993,MIN,OF,600000
larocad01,2015,CHA,P,12000000
larocan01,2013,TOR,3B,600000
larsobr01,2004,CIN,3B,318000
larueja01,2010,SLN,C,950000
laskebi01,1988,CLE,P,355000
lasteto01,2022,SFN,3B,532000
lathach01,2003,NYA,OF,400000
latosma01,2017,TOR,P,9400000
laudnti01,1989,MIN,C,625000
lavalmi01,1995,CHA,C,750000
lavarry01,2021,CLE,C,510000
lavelga01,1987,OAK,P,62500
lawleto01,1990,TOR,OF,250000
lawrebr01,1960,CIN,P,500000
lawrebr02,2007,NYN,P,3875000
lawrejo01,2002,TOR,2B,200000
lawrese01,1998,PIT,P,170000
lawribr01,2016,CHA,2B,4125000
lawru01,1986,KCA,OF,300000
lawtoma02,2006,SEA,OF,400000
lawva01,1991,OAK,SS,500000
layanti01,1993,SFN,P,140000
layneto01,2017,NYA,P,563750
lazora01,2015,MIA,P,508500
lazorja01,1988,CAL,P,97000
leach01,1988,MIN,P,62500
leachri01,1990,SFN,OF,350000
leachte01,1993,CHA,P,260000
leagubr01,2014,LAN,P,7500000
leakemi01,2019,ARI,P,12000000
learyti01,1994,TEX,P,1800000
leblawa01,2021,SLN,P,491500
lecroma01,2007,MIN,C,850000
lecursa01,2015,CIN,P,1850000
ledeeri01,2007,NYN,OF,1500000
ledesaa01,2000,COL,3B,525000
ledezwi01,2011,TOR,P,750000
leeca01,2012,MIA,1B,19000000
leecl02,2014,PHI,P,25000000
leeda01,2004,CLE,P,222500
leeda02,2016,SEA,1B,1000000
leede02,2011,PIT,1B,7250000
leema02,1995,SLN,2B,1300000
leema03,1995,BAL,P,150000
leetr01,2006,TBA,1B,2450000
lefebjo01,1986,PHI,OF,310000
leffecr01,1994,CAL,P,400000
leftwph01,1996,CAL,P,135000
lehrju01,2009,CIN,P,337000
leibrch01,1993,TEX,P,2833334
leicejo01,2007,BAL,P,300000
leipeda01,1996,MON,P,250000
leiteal01,2005,NYA,P,7000000
leitema01,2001,MIL,P,500000
leiussc01,1999,KCA,SS,200000
lemahdj01,2025,NYA,2B,3000000
lemasjo01,1987,OAK,SS,400000
lemkema01,1998,BOS,2B,2000000
lemonch01,1990,DET,OF,828571
lennopa01,1999,TOR,OF,150000
leonade01,1986,KCA,P,883333
leonaje01,1990,SEA,OF,800000
leonama01,1995,SFN,OF,140000
leonar01,2016,TOR,P,510500
leonjo01,2004,BAL,3B,305000
leonsa01,2025,ATL,C,510400
lerewan01,2010,KCA,P,390000
lerouch01,2014,NYA,P,502000
leshebr01,2002,TOR,OF,245000
leskacu01,2004,BOS,P,1250000
lestejo01,2021,SLN,P,25000000
levinal01,2005,SFN,P,825000
levisje01,2001,MIL,C,400000
lewisco01,2016,TEX,P,6000000
lewisda01,2002,CHN,OF,500000
lewisfr02,2012,NYN,OF,900000
lewisje01,2010,CLE,P,422400
lewisji02,1991,SDN,P,111000
lewisma01,2001,CLE,3B,600000
lewisri01,1998,BAL,P,250000
lewissc01,1994,CAL,P,155000
lewissc02,2009,CLE,P,404000
leyriji01,2000,LAN,OF,1000000
lezcasi01,1985,PIT,OF,500000
liddial01,2013,SEA,1B,481300
lidgebr01,2012,WAS,P,1000000
lidleco01,2006,NYA,P,3300000
liebejo01,2008,CHN,P,3500000
liebemi01,2007,LAN,C,1150000
liefeje01,2005,CLE,OF,320000
ligteke01,2005,ARI,P,2000000
lillibr01,2013,NYA,OF,500000
lillide01,1996,CIN,P,450000
lillyte01,2013,LAN,P,13166667
limajo01,2006,NYN,P,2500000
linceti01,2016,LAA,P,18000000
lincobr01,2014,PHI,P,512300
lincomi01,2010,CIN,P,2500000
lindad01,2017,WAS,OF,8000000
lindbjo01,2021,MIL,P,500100
lindeji01,1994,NYN,OF,260000
lindeto01,2007,FLO,OF,385000
lindjo01,1995,CAL,2B,2350000
lindofr01,2025,NYN,SS,540300
lindsma01,2014,CHA,P,4000000
linebsc01,2011,ATL,P,850000
liniaco01,1999,CHN,3B,205000
lintodo01,2003,TOR,P,350000
lirafe01,2001,MON,P,380000
liriafr01,2019,PIT,P,13666667
liriane01,1998,COL,SS,375000
liriape01,2005,PHI,P,316000
liriary01,2017,CHA,OF,508500
listapa01,1997,HOU,SS,750000
litscje01,2011,TOR,P,975000
littlma01,2004,CLE,OF,250000
littlsc01,1989,PIT,OF,100000
littogr01,1994,BOS,3B,200000
livinbo01,2007,CIN,P,392500
livinsc01,1998,MON,3B,250000
lizra01,2015,PIT,P,1000000
lloydgr01,2003,KCA,P,650000
loaizes01,2008,CHA,P,7500000
lobatjo01,2021,CHN,C,1387500
lobstky01,2021,WAS,P,520000
lockeje01,2017,MIA,P,3025000
lockhke01,2003,SDN,3B,500000
loducpa01,2008,FLO,C,5000000
loeka01,2013,ATL,P,1050000
loewead01,2016,ARI,P,816000
loeweca01,2003,SDN,P,225000
loftoke01,2007,CLE,OF,6000000
loganbo02,2018,MIL,P,6250000
loganno01,2007,WAS,OF,392500
lohseky01,2016,TEX,P,11000000
loiseri01,2001,PIT,P,775000
lollati01,1986,BOS,P,541250
lombage01,2006,WAS,OF,210000
lombast01,1989,HOU,3B,222500
lombast02,2017,MIA,2B,517500
loneyja01,2016,NYN,1B,8666666
longbi01,1991,MON,P,394500
longmto01,1995,PHI,OF,225000
longoev01,2023,ARI,3B,12600018
longte01,2006,NYA,OF,4875000
loopebr01,2009,MIL,P,4750000
lopesda01,1987,HOU,OF,550000
lopezal02,2003,KCA,P,1500000
lopezaq01,2008,DET,P,400000
lopezau01,1987,HOU,P,223275
lopezfe01,2011,MIL,3B,1000000
lopezja01,2006,BOS,C,9000000
lopezja02,2016,SFN,P,5000000
lopezjo01,2012,CHA,3B,800000
lopezlu02,2005,CIN,3B,365000
lopezlu03,2004,MON,1B,350000
lopezme01,2004,KCA,SS,330000
lopezro01,2012,CHN,P,650000
lopezwi01,2014,COL,P,2200000
lorenmi01,2025,KCA,P,516500
loretma01,2009,LAN,P,1250000
lorraan01,2002,MIL,P,245000
loughda01,2016,PHI,OF,525500
loupaa01,2023,LAA,P,1050000
louxsh01,2012,SFN,P,405000
lovulto01,1999,PHI,2B,180000
lowede01,2013,TEX,P,15000000
lowelmi01,2010,BOS,3B,12500000
lowema01,2016,DET,P,5500000
lowerte01,2000,SFN,OF,205000
lowese01,2003,KCA,P,950000
lowrije01,2022,OAK,2B,7500000
lowrydw01,1988,MIN,C,67500
lowryno01,2007,SFN,P,4750000
loyndmi01,1987,TEX,P,60000
lucased01,2014,MIA,SS,510000
lucasga01,1987,CAL,P,662000
lucrojo01,2021,ATL,C,4100000
lucydo01,2011,CHA,C,400000
ludwier01,1999,TOR,P,220000
ludwiry01,2014,CIN,OF,8500000
luebbla01,2000,CIN,P,212000
luebkco01,2016,PIT,P,1000000
lueckri01,1990,TOR,P,114000
luekejo01,2014,TBA,P,504200
luetglu01,2023,ATL,P,495500
lugoju01,2011,ATL,SS,9250000
lugoru01,2007,OAK,P,403600
lukasma01,2002,ANA,P,207500
lukema01,1999,ANA,OF,250000
lunahe01,2012,PHI,OF,340000
lunarfe01,2002,BAL,C,225000
lundqda01,2002,SDN,P,200000
lusadsc01,1991,NYA,OF,114500
lutzza01,2013,NYN,3B,490040
lylesjo01,2024,KCA,P,2975000
lynched01,1987,CHN,P,550000
lynnfr01,1990,SDN,OF,650000
lynnla01,2024,SLN,P,7500000
lyonbr01,2013,NYN,P,750000
lyonsba01,1995,CHA,C,220000
lyonsst01,1993,BOS,OF,650000
lyonsty01,2020,NYA,P,512500
maaske01,1995,MIN,1B,255000
mabryjo01,2007,COL,OF,750000
macdobo01,1996,NYN,P,200000
macdomi01,2012,LAN,P,650000
macfami01,1999,OAK,C,600000
machaal01,2005,BOS,SS,380000
machaan01,2005,COL,SS,316000
machaju01,1991,ML4,P,190000
machama01,2025,SDN,3B,5000000
macharo01,2004,BAL,C,277500
machije01,2017,SEA,P,527500
maciajo01,2005,CHN,OF,825000
mackoro01,2008,WAS,OF,1500000
macksh01,1998,KCA,OF,450000
maddoga01,1986,PHI,OF,820333
maddugr01,2008,LAN,P,10000000
maddumi01,2000,HOU,P,350000
madissc01,1989,CIN,3B,70000
madlobi01,1987,DET,3B,850000
madribo01,2005,SEA,P,335000
madriwa01,2009,TEX,P,404730
madsory01,2018,LAN,P,6666667
madurca01,2002,BAL,P,270000
maedake01,2025,DET,P,3125000
magadda01,2001,SDN,SS,575000
mageewe01,2002,DET,OF,425000
magnami01,2002,OAK,P,1200000
magrajo01,1996,CHA,P,175000
magruch01,2005,MIL,OF,325000
mahayro01,2010,MIN,P,4000000
mahleri01,1991,ATL,P,790000
maholpa01,2014,LAN,P,1500000
mahompa01,2003,PIT,P,500000
mahonjo01,2013,MIA,1B,490000
maiermi01,2012,KCA,P,865000
mainejo01,2013,MIA,P,3300000
majewga01,2010,HOU,P,352000
majewva01,2004,BAL,OF,316000
maksumi01,1994,CHN,C,110000
malavjo01,1997,BOS,OF,150000
maldoca01,1995,TEX,OF,200000
maldoca02,1993,ML4,P,110000
maldoma01,2025,SDN,C,1125000
malloma01,2002,FLO,3B,210000
malonch02,1990,PHI,P,100000
malonma02,2012,MIN,P,482500
malonse01,1998,LAN,P,170000
manesse01,2017,KCA,P,1400000
mangima01,2010,SEA,3B,414500
manniri01,1987,ML4,OF,560000
manonra01,1990,TEX,P,100000
manrifr01,1991,OAK,SS,177500
manshje01,2016,CLE,P,765000
mantema01,2005,BOS,P,750000
mantoje01,2000,COL,3B,450000
manueba01,1998,ARI,P,285000
manwaki01,1999,COL,C,700000
manzajo01,2004,FLO,P,500000
manzara01,1995,PIT,P,109000
manzeto01,2010,HOU,SS,400000
marcush01,2015,CLE,P,4000000
margoma01,2025,DET,OF,512500
marisja01,2023,LAN,OF,519500
markani01,2020,ATL,OF,11000000
marmoca01,2014,MIA,P,1250000
marotmi01,2007,SLN,P,2950000
marquja01,2015,CIN,P,1500000
marrech01,2017,SFN,OF,481000
marreel01,2006,NYN,OF,350000
marshev01,2021,CHA,P,512000
marshja01,2009,OAK,P,380000
marshmi02,1991,CAL,1B,1300000
marshse01,2014,CIN,P,5500000
marshto01,1995,PHI,OF,109000
marsolo01,2013,CLE,C,1000000
martean01,2014,ARI,3B,413400
marteda01,2010,NYA,P,4000000
marteke01,2025,ARI,2B,515400
martelu01,2012,DET,P,480000
martest01,2025,NYN,OF,3333333
martial03,2003,TBA,OF,300000
martibu01,1986,TOR,C,347096
martica01,1991,CIN,OF,925000
martica02,1995,CAL,3B,150000
martica03,2009,FLO,P,380000
martica04,2021,SLN,P,539000
martich01,1993,BAL,OF,197500
martich02,2025,TEX,P,511025
marticr01,2013,ATL,P,749750
martida01,2001,ATL,OF,1500000
martide01,1998,ATL,P,550000
martido02,1993,TOR,3B,109000
martied01,2004,SEA,3B,3000000
martiet01,2014,PHI,P,500000
martife01,2001,TBA,SS,255000
martife02,2013,HOU,OF,493000
martigr01,1998,MIL,OF,170000
martija02,1998,PIT,P,220000
martijd02,2023,LAN,OF,6750000
martijo07,2013,CLE,P,400000
martile01,2019,CLE,OF,4150000
martima02,1999,MON,OF,225000
martimi01,1986,CHN,C,60000
martimi02,2017,TBA,OF,486500
martini01,2025,CIN,P,515000
martino01,1999,TOR,SS,425000
martipe02,2009,PHI,P,11813351
martipe03,1997,CIN,P,216000
martira02,2001,PIT,P,6320000
martira03,2009,NYN,SS,800000
martiru01,2019,LAN,P,15000000
martisa01,2004,BOS,C,320000
martish01,2013,MIN,P,400000
martiti01,1988,MIN,P,487078
martiti02,2005,NYA,1B,2750000
martito02,2007,COL,P,700000
martivi01,2018,DET,1B,18000000
marzajo01,1998,SEA,C,300000
masaoon01,2000,LAN,P,230000
mashoda01,1998,ANA,OF,210000
masonmi01,1988,MIN,P,280000
masonro01,1994,NYN,P,500000
masseni01,2015,ATL,P,2400000
masteda01,1995,MIN,OF,109000
masteju01,2015,BOS,P,9500000
mastnto01,2008,CLE,P,381500
mastrda01,2016,MIN,OF,500000
mateohe01,2006,WAS,SS,318000
mateoju01,2007,SEA,P,1075000
mateoju02,2006,CHN,P,383000
mateoma01,2015,SDN,P,485000
mateoru01,2004,KCA,OF,340000
mathegr01,1992,PHI,P,145000
mathejo02,2012,CHN,P,490000
mathemi01,2006,SFN,C,3350000
mathete01,1999,KCA,P,865000
mathetj01,2002,HOU,P,1000000
mathido01,2010,TEX,P,407400
mathije01,2021,ATL,C,1500000
mathisc01,2011,PHI,P,390000
matoslu01,2006,WAS,OF,1625000
matsuda01,2014,NYN,P,1500000
matsuhi01,2012,TBA,OF,4250000
matsuka01,2010,HOU,2B,5500000
mattetr01,2001,MON,P,200000
matthga01,1987,CHN,OF,850000
matthga02,2010,NYN,OF,11400000
matthmi01,2005,NYN,P,500000
matthry01,2015,CIN,P,520000
mattido01,1995,NYA,1B,4420000
matusbr01,2016,CHN,P,3900000
matusle01,1987,LAN,1B,265000
matzety01,2025,NYA,P,545000
matzst01,2025,BOS,P,515750
mauerjo01,2018,MIN,OF,23000000
maurebr01,2018,KCA,P,526400
maureda01,2004,TOR,P,202500
maurero01,1992,TEX,1B,109000
mauseti01,1995,SDN,P,145000
maxcybr01,1996,DET,P,109000
maxweja01,2001,MIN,SS,215000
maxweju01,2015,SFN,OF,1000000
maybejo02,2015,NYN,OF,1450000
maybica01,2021,NYN,OF,8000000
mayda02,2005,NYA,P,3225000
mayde01,1999,BAL,OF,200000
maynebr01,2004,LAN,C,800000
maysjo01,2006,CIN,P,1000000
mazzavi01,2016,SFN,P,950000
mazzile01,1989,TOR,OF,350000
mcallza01,2023,NYA,P,1300000
mcandja01,1997,ML4,P,155000
mcanupa01,2010,LAA,1B,391250
mcbrima01,2007,DET,P,400000
mccanbr01,2019,ATL,C,17000000
mccanja02,2025,ARI,C,519500
mccarbr01,2018,ATL,P,12500000
mccarda01,2005,BOS,OF,550000
mccargr01,1998,SEA,P,180000
mccarto03,1989,CHA,P,75000
mccaski01,1996,CHA,P,800000
mccatst01,1985,OAK,P,520000
mccleky01,2013,TEX,P,2500000
mcclell01,1994,PIT,OF,650000
mcclepa01,1991,SFN,P,100000
mcclubo01,1993,FLO,P,200000
mccluse01,2009,MIL,P,1662500
mccoymi01,2012,TOR,SS,422300
mccraqu01,2006,CIN,OF,750000
mcculla01,1992,TEX,P,650000
mcculla02,2025,HOU,P,516700
mccurje01,1999,HOU,P,205000
mccutan01,2025,PIT,OF,13208333
mccutda01,2014,TEX,P,401500
mcdilal01,2001,BOS,P,170000
mcdonbe01,1997,ML4,P,5000000
mcdonda01,1971,MON,OF,410000
mcdonda02,2013,CHN,OF,506500
mcdonja02,2000,TEX,OF,222500
mcdonja03,2013,PIT,P,3025000
mcdonjo03,2014,LAA,SS,850000
mcdouma01,2005,TEX,SS,331000
mcdowja01,1999,ANA,P,500000
mcdowod01,1994,TEX,OF,690000
mcdowro01,1996,BAL,P,750000
mcelrch01,2001,SDN,P,1520000
mcewijo01,2006,HOU,2B,500000
mcfartj01,2025,ATH,P,523500
mcgafan01,1991,KCA,P,506000
mcgeeja01,2022,WAS,P,4800000
mcgeewi01,1999,SLN,OF,1000000
mcgehca01,2016,DET,3B,4800000
mcgehke01,1993,BAL,P,109000
mcglike01,2000,ATL,P,300000
mcgowdu01,2017,MIA,P,1000000
mcgresc01,1988,BAL,P,1066171
mcgrifr01,2004,TBA,1B,3750000
mcgrite01,1994,SLN,C,109000
mcguiry01,2002,BAL,1B,225000
mcgwima01,2001,SLN,1B,11000000
mchugco01,2023,ATL,P,529000
mcintti01,1996,NYA,C,120000
mckayco01,2004,SLN,P,300000
mckenmi01,2015,COL,C,1087600
mckeojo01,1987,CHA,P,675000
mckiran01,2015,ATL,P,511750
mcknije01,1994,NYN,1B,180000
mclemma01,2004,OAK,OF,600000
mclouna01,2014,WAS,OF,5000000
mcmicgr01,2000,ATL,P,350000
mcmilbi01,2004,OAK,OF,450000
mcmurcr01,1995,HOU,P,275000
mcpheda01,2011,CHA,3B,382500
mcraebr01,1999,TOR,OF,3750000
mcraeha01,1982,KCA,OF,650000
mcreyke01,1994,NYN,OF,2916667
mcwilla01,1990,KCA,P,300000
meachbo01,1988,NYA,SS,212500
meachru01,2001,TBA,P,465000
meadobr01,2006,TBA,P,600000
meadolo01,1990,PHI,OF,100000
meadsda01,1988,HOU,P,92500
mearepa01,2001,PIT,2B,3790000
mechegi01,2010,KCA,P,12400000
mecirji01,2005,FLO,P,1100000
meddebr01,2010,SFN,P,820000
medicto01,2014,SDN,OF,501200
medinra01,1999,FLO,P,200000
medinyo01,2015,CHN,P,527300
medlekr01,2018,ARI,P,5500000
medvisc01,1990,SEA,P,62500
meekev01,2014,BAL,P,875000
mejiaje01,2015,NYN,P,2595000
mejiami01,1996,SLN,OF,109000
mejiaro02,1997,SLN,OF,185000
melanma01,2022,ARI,P,9650000
melenfr01,1989,BAL,1B,112000
melenjo01,1994,BOS,P,235000
melhuad01,2008,COL,C,750000
meloajo01,2009,OAK,P,405000
melusmi01,2002,DET,C,345000
melvibo01,1994,CHA,C,725000
menchke01,2010,WAS,OF,3400000
mendedo01,2003,SDN,SS,200000
mendero01,2015,BOS,P,509500
mendolu01,2013,KCA,P,532000
mendora01,2005,NYA,P,3600000
menecfr01,2005,TOR,SS,650000
menhapa01,1997,SDN,P,175000
mercahe01,2003,PHI,P,330000
mercehe01,1997,TEX,C,180000
mercejo02,2003,MON,P,2750000
mercejo03,2021,WAS,SS,2075000
mercelu01,1993,SFN,OF,120000
merceor01,2003,HOU,OF,1700000
merckke01,2008,CIN,P,600000
meredcl01,2010,BAL,P,850000
merlolo01,2006,CLE,SS,500000
merulma01,1995,MIN,C,200000
mesajo01,2007,PHI,P,2500000
mesame01,2013,NYA,OF,490200
mesorde01,2018,NYN,C,5025000
messera01,2009,SEA,P,380000
metcatr01,2008,TEX,SS,392000
meulehe01,1998,ARI,OF,132500
meyerbr01,1990,HOU,P,68000
meyerch02,2003,SEA,OF,200000
meyerda02,2010,FLO,P,415000
meyerjo01,1989,ML4,1B,95000
micelda01,2006,TBA,P,650000
michach01,2006,CIN,P,200000
michaja01,2011,HOU,OF,900000
mickoka01,2011,ARI,P,417000
middlwi01,2017,TEX,3B,540500
mielkga01,1990,TEX,P,110000
mientdo01,2009,LAN,1B,750000
mieskma01,2000,ARI,OF,700000
mijarjo01,2013,SFN,P,1800000
milacbo01,1996,SEA,P,1180000
milchmi01,1996,BAL,P,109000
milesaa01,2011,LAN,SS,500000
mileywa01,2025,CIN,P,16329674
militsa01,1993,NYA,P,118000
millake01,2009,TOR,3B,850000
millean01,2021,SLN,P,9000000
millebr02,2023,TEX,P,527600
milleco01,2013,CIN,C,450000
milleda01,1988,CAL,OF,91000
milleda02,2007,MIL,C,2250000
milleju01,2010,LAN,P,750000
milleju02,2021,SLN,P,509500
milleke01,1995,KCA,OF,700000
milleku01,1999,CHN,P,205000
millela02,2011,CHA,OF,500000
millema01,2002,DET,P,202500
millema02,2007,CLE,P,560000
milleor01,1997,DET,SS,337500
millepa01,1993,PIT,P,109000
milleri01,1985,BOS,OF,275000
millesh01,2025,MIL,P,4350000
milletr01,2002,MIN,P,255000
milletr02,2011,BOS,P,2000000
millewa04,2007,CHN,P,1500000
millira01,1994,MON,1B,600000
millira02,1998,NYN,SS,210000
millsal01,2001,BAL,P,3000000
millwke01,2012,SEA,P,1000000
milneed01,1988,CIN,OF,490000
milonto01,2023,SEA,P,4500000
miltoer01,2009,LAN,P,10333333
mimbsmi01,1997,PHI,P,200000
minchna01,1997,COL,P,130000
minerza01,2013,PHI,P,950000
minorbl01,1997,HOU,P,198000
minorda01,2004,SFN,1B,203000
minormi01,2022,CIN,P,2000000
minorry01,2001,MON,OF,200000
mintogr01,1990,CAL,P,850000
mintzst01,1999,ANA,P,109000
minutgi01,1993,SFN,P,109000
mirabdo01,2007,BOS,C,750000
mirabpa01,1990,ML4,P,230000
miranan01,1997,ML4,P,350000
miranju01,2011,ARI,1B,420000
mitchbr01,2021,MIA,P,516650
mitchjo02,1990,BAL,P,111000
mitchke01,1998,OAK,OF,225000
mitchke02,1998,BOS,OF,170000
mitchla01,1996,PHI,P,109000
mitrese01,2011,NYA,P,900000
mizerjo01,1989,ATL,C,60000
mlickda01,2002,HOU,P,6200000
mockga01,2010,WAS,P,411000
moehlbr01,2010,HOU,P,3000000
moellch01,2010,NYA,C,800000
moellde01,1993,PIT,P,112000
mohlemi01,2001,ARI,P,690000
mohorda01,1990,MON,P,157500
mohrdu01,2007,TBA,OF,950000
molinbe01,2010,TEX,C,4500000
molingu01,2011,NYA,C,455000
moliniz01,2002,BAL,C,175000
molinjo01,2014,TBA,C,1750000
molinya01,2022,SLN,P,14200000
molitpa01,1998,MIN,1B,4250000
monahsh01,1999,SEA,OF,170000
monasca01,2010,LAN,P,400000
mondera01,2005,ATL,OF,1000000
monrocr01,2009,PIT,OF,750000
montafr01,2025,NYN,P,510000
monteje01,2015,SEA,1B,503300
montejo01,1986,NYA,P,716667
montemi01,2018,WAS,C,14000000
montera01,2025,DET,P,511000
monteri01,1996,CAL,P,135000
montgje01,1999,KCA,P,200000
montgmi01,2020,KCA,P,515000
montgra01,1998,HOU,OF,185000
montgst01,2000,SDN,P,250000
moonebi01,1986,OAK,P,60000
mooread01,2018,TBA,C,483600
moorebr01,1990,PHI,P,100000
moorech02,1987,TOR,OF,256000
mooredo01,1988,CAL,P,1000000
mooreje02,2011,LAA,OF,480000
mooreke02,1996,OAK,OF,109000
moorema01,1996,CIN,P,135000
moorema02,2024,LAA,P,5100000
mooremi01,1995,DET,P,3333333
mooresc02,2012,HOU,OF,390000
mooretr01,2001,ATL,P,207500
moorety01,2017,MIA,OF,518200
moralfr01,2016,TOR,P,2000000
moraljo02,2011,COL,C,420000
moralke01,2019,NYA,1B,9000000
moralwi01,2000,BAL,C,200000
morame01,2011,ARI,3B,2350000
moranmi01,2000,TOR,2B,750000
morbajo01,2003,BAL,SS,300000
mordemi01,2005,FLO,SS,425000
morelbr01,2015,PIT,3B,490000
morelke01,1989,DET,C,1483333
morelmi01,2021,OAK,P,5700000
morelra01,1997,CHN,P,110000
morened01,2009,SDN,P,400000
morenom01,1986,ATL,OF,700000
morenor01,2004,NYN,P,317500
morgami01,2002,ARI,P,750000
morgany01,2014,CLE,OF,2350000
moriami01,2002,BAL,SS,200000
morilju01,2009,MIN,P,401000
morinmi01,2020,MIA,P,520000
mormaal01,1999,KCA,P,365000
mormaru01,1997,FLO,OF,140000
morneju01,2015,COL,1B,6750000
morribr01,2017,SFN,P,1350000
morriha02,2000,DET,OF,500000
morrija02,1994,CLE,P,1000000
morriji01,1988,ATL,P,277500
morriji02,2000,TBA,P,200000
morrijo07,1992,CAL,OF,200000
morrilo01,2020,MIL,1B,4200000
morrima01,2008,PIT,P,10037283
morriwa02,2003,DET,2B,275000
morrobr01,2018,CHN,P,2500000
morsemi01,2017,SFN,OF,8000000
mortecl01,2013,BOS,P,504500
mortoch02,2025,ATL,P,8000000
moscogu01,2013,SFN,P,504250
moscojo01,2016,CIN,P,508000
mosebll01,1991,DET,OF,1600000
moseldu01,2012,SDN,P,2012500
mosesjo01,1992,SEA,OF,395000
mosquju01,1997,TOR,C,109000
mossbr01,2017,KCA,OF,8250000
mossda01,2004,TBA,P,850000
motagu01,2012,SFN,P,1000000
motajo01,1995,KCA,2B,109000
motleda01,1987,ATL,OF,210000
motteja01,2017,ATL,P,5000000
moustmi01,2023,LAA,3B,5600000
moutoja01,2001,MIL,OF,300000
moutoly01,2001,FLO,OF,350000
moyerja01,2012,COL,P,1100000
moylape01,2018,ATL,P,2000000
muellbi02,2006,LAN,3B,4569443
mujiced01,2017,DET,P,4750000
muldema01,2008,SLN,P,7000000
mulhote01,2006,ARI,P,800000
mullesc01,2003,LAN,P,200000
mullifr01,1986,CLE,SS,60000
mullira01,1991,TOR,3B,775000
mumphje01,1988,CHN,OF,608000
munozbo01,2001,MON,P,200000
munozmi01,2000,TEX,P,750000
munozos01,1995,MIN,P,109000
munozpe01,1996,OAK,OF,595000
munrope01,2004,HOU,P,305000
munsoer01,2007,HOU,C,350000
muntesc01,2007,SFN,P,334000
murphda05,1993,COL,OF,200000
murphda06,1989,SDN,P,68000
murphda07,2015,LAA,OF,6000000
murphda08,2020,COL,1B,8000000
murphdo01,2014,TEX,3B,825000
murphdw01,1989,PHI,OF,400000
murphjr01,2020,PIT,P,528700
murphro01,1995,FLO,P,250000
murphto03,2007,LAA,OF,382500
murraca01,2004,CHN,OF,305000
murraed02,1996,CLE,1B,750000
murragl01,1996,PHI,OF,109000
murrahe01,2002,CLE,P,201500
murtoma01,2009,COL,OF,415000
musseje01,1990,NYN,P,315000
mussimi01,2008,NYA,P,11071029
mutisje01,1994,FLO,P,113500
myersbr01,2013,CLE,P,7000000
myersgr01,2005,TOR,C,700000
myersmi01,2007,CHA,P,1250000
myersra01,1998,SDN,P,6916667
myersro01,2004,LAN,P,290000
myersro02,1997,KCA,OF,195000
myerswi01,2023,CIN,OF,523900
myettaa01,2004,CIN,P,307500
nabhoch01,1995,CHN,P,300000
nadyxa01,2014,SDN,OF,775000
naehrti01,1997,BOS,3B,2800000
nagych01,2003,SDN,P,6000000
nancesh01,2004,ARI,P,307500
napolmi01,2017,TEX,1B,7000000
naquity01,2023,CHA,OF,507500
narroje01,1987,SEA,C,142000
narvech01,2016,MIA,P,1200000
natalro01,1997,FLO,C,165000
nathajo01,2016,SFN,P,10000000
naultda01,1999,NYA,P,300000
navada01,2017,PHI,OF,1375000
navardi01,2016,TOR,C,4000000
navaref01,2018,CHN,1B,511000
navarja01,2000,CLE,P,5000000
navarya01,2013,BAL,2B,483000
neaglde01,2003,COL,P,9000000
nealbl01,2005,COL,P,321000
neeltr01,1994,OAK,1B,225000
negrokr01,2019,LAN,SS,512500
neidlji01,1990,LAN,P,125000
nelsobr02,2009,MIL,OF,400000
nelsoch01,2014,SDN,3B,491000
nelsoge01,1993,TEX,P,1250000
nelsoje01,2006,CHA,P,400000
nelsoji02,2021,LAN,P,522300
nelsojo01,2010,BOS,P,1300000
nelsoro03,1989,SDN,1B,100000
nenro01,2002,SFN,P,9150000
nerishe01,2025,HOU,P,515000
nesbian01,2015,DET,P,508500
neshepa01,2019,PHI,P,6500000
nettlgr01,1988,MON,3B,200000
neugeni01,2002,MIL,P,305000
neumi01,2004,FLO,P,300000
nevinph01,2006,MIN,1B,10472409
newfima01,1998,MIL,OF,318750
newhada01,2008,HOU,OF,575000
newmaal01,1992,TEX,SS,260000
newmaal02,2000,CLE,P,200000
newsowa01,1998,TEX,OF,375000
nicasju01,2020,TEX,P,3000000
nichoca01,1991,HOU,C,100000
nichore01,1987,MON,OF,62500
nichoro02,1995,ATL,P,350000
nichtch01,2002,COL,P,116000
nickemi01,2013,TOR,C,480880
nicosst01,1985,TOR,C,105000
niedda01,1996,COL,P,275000
niedeto01,1990,SLN,P,800000
niekrjo01,1988,MIN,P,800000
niekrla01,2007,SFN,1B,390000
niekrph01,1987,ATL,P,300000
nielsje01,1993,CAL,P,115000
niemaje01,2012,TBA,P,2750000
niemara01,1987,MIN,P,83000
niesejo01,2016,NYN,P,9000000
nietoto01,1990,PHI,C,115000
nieuwki01,2017,MIL,OF,514000
nievefe01,2010,NYN,P,414000
nievejo01,2002,ANA,SS,240000
nieveju01,1988,ML4,P,340000
nieveme01,1998,CIN,OF,820000
nievewi01,2015,SDN,C,850000
nifu01,2010,DET,P,407500
nilssda01,1999,MIL,C,5694133
nippeal01,1990,CLE,P,397000
nippedu01,2010,TEX,P,665000
nishits01,2012,MIN,2B,3000000
nitkocj01,2005,WAS,P,375000
nivarra01,2005,BAL,OF,300000
nixja01,2014,KCA,SS,950000
nixla01,2013,PHI,OF,1350000
nixondo01,1990,BAL,OF,225000
nixonot01,1999,ATL,OF,1500000
nixontr01,2008,NYN,OF,3000000
noboaju01,1994,PIT,SS,120000
noesihe01,2019,MIA,P,1950000
nokesma01,1995,COL,C,109000
nolaaa01,2025,PHI,P,517500
nolanjo01,1985,BAL,C,341667
nolasri01,2017,LAA,P,12000000
nolesdi01,1990,PHI,P,75000
nolinse01,2023,MIA,P,509700
nolteer01,1991,TEX,P,100000
nomohi01,2008,KCA,P,800000
nomurta01,2002,MIL,P,430000
norbejo01,2012,OAK,P,482500
normale01,1996,KCA,OF,118000
norribu01,2018,SLN,P,2500000
norrida01,2023,CLE,P,514500
norride01,2017,TBA,C,2925000
norrimi01,1990,OAK,P,100000
nortogr01,2009,ATL,1B,800000
nortoph01,2004,CIN,P,303500
nosekra01,1990,DET,P,100000
novaiv01,2020,DET,P,4100000
nunezab01,2007,PHI,SS,1925000
nunezab02,2004,KCA,OF,300000
nunezed01,1994,OAK,P,430000
nunezed02,2020,NYN,OF,1475000
nunezfr01,2005,TBA,P,316000
nunezjo01,1990,CHN,P,125000
nunezjo02,2002,SDN,P,245000
nunezle01,2014,TBA,P,1500000
nunezvl01,2009,ATL,P,700000
nunnajo01,2000,NYN,OF,260000
nunovi01,2018,TBA,P,532900
obandsh01,1997,MON,OF,185000
oberhbr01,2016,LAA,P,518000
oberkke01,1992,CAL,2B,675000
obermwe01,2007,FLO,P,342000
obriech01,2000,MON,C,700000
obriepe03,1993,SEA,OF,2187500
ochoaal01,2002,ANA,OF,2750000
oconnja02,1987,BAL,P,85000
oconnmi01,2011,NYN,P,380000
odayda01,2022,ATL,P,5854712
odonojo02,1993,BAL,P,109000
odorija01,2022,ATL,P,520700
odorro01,2023,SDN,OF,522700
oelkebr01,1986,CLE,P,65000
oestero01,1990,CIN,3B,650000
offerjo01,2005,NYN,2B,500000
oflaher01,2017,ATL,P,1750000
ogandal01,2018,CLE,P,2000000
ogeach01,1999,PHI,P,1783334
oglivbe01,1986,ML4,OF,766593
ohkato01,2009,CLE,P,1500000
ohlenro01,2016,CIN,P,800000
ohmanwi01,2012,CHA,P,2500000
ohse01,2019,COL,P,2500000
ojalaki01,1999,FLO,P,240000
ojedaau01,2010,ARI,SS,825000
ojedabo01,1994,NYA,P,1700000
ojedami01,2006,TEX,C,350000
okajihi01,2013,OAK,P,2750000
oleartr01,2003,CHN,OF,750000
olerujo01,2005,BOS,1B,7700000
olinst01,1992,CLE,P,300000
olivajo01,1995,SLN,3B,111500
olivaom01,2001,PIT,P,4000000
oliveal01,1985,TOR,1B,750000
oliveda02,2013,TOR,P,3000000
olivehe01,2016,ATL,OF,4000000
olivejo01,2001,BOS,C,1100000
olivomi01,2014,LAN,C,800000
olmedra01,2012,CHA,SS,322000
olmosed01,2015,SEA,P,512500
olsenke01,2003,FLO,P,200000
olsensc01,2010,WAS,P,450000
olsonga01,2012,NYN,P,430000
olsongr01,2001,LAN,P,1750000
olsongr02,1993,ATL,C,925000
oltmi01,2015,CHA,3B,520000
olwined01,1988,ATL,P,79000
omallto01,1990,NYN,3B,155000
omogrbr01,2013,CHA,P,492000
ondrulo01,2016,BAL,P,1350000
onealra01,1990,SFN,P,125000
oneilpa01,2001,NYA,OF,7250000
ontivst02,2000,BOS,P,154000
oquenjo01,1995,SLN,SS,2250000
oquismi01,1999,OAK,P,450000
ordazlu01,2006,TBA,SS,375000
ordonma01,2011,DET,OF,10000000
ordonre01,2004,CHN,SS,6500000
orieke01,2002,CHN,3B,240000
orlanpa01,2018,KCA,OF,514250
oropeed01,2004,SDN,P,600000
oroscje01,2003,MIN,P,800000
orrpe01,2013,PHI,OF,600000
orsuljo01,1997,MON,OF,650000
ortajo01,1984,KCA,OF,450000
ortegan01,2009,LAA,P,400000
ortizda01,2016,BOS,1B,16000000
ortizhe01,2002,TEX,C,230000
ortizja01,1991,HOU,OF,115000
ortizjo02,2002,COL,3B,232000
ortizjo05,2013,TEX,P,490000
ortizju01,1994,TEX,C,350000
ortizlu01,1995,TEX,3B,116500
ortizra01,2013,TOR,P,1000000
ortizru01,2010,LAN,P,750000
ortmeda01,2008,SFN,OF,392000
ortonjo01,1993,CAL,OF,160000
orvelch01,2007,TBA,P,400700
osbordo01,2004,NYA,P,450000
osichjo01,2021,CIN,P,512500
osikke01,2005,WAS,C,500000
osorifr01,2008,PIT,P,393000
osullse01,2016,BOS,P,420500
osunaal01,1996,SDN,P,240000
osunaan01,2005,WAS,P,800000
osunaro01,2020,HOU,P,516100
oswalro01,2013,COL,P,16000000
otanewi01,1999,TOR,3B,200000
oteroda01,2019,CLE,P,520000
oterori01,1997,PHI,OF,109000
otsukak01,2007,TEX,P,3000000
ottavad01,2025,NYA,P,1300000
ottoda01,1994,CHN,P,525000
outmajo01,2014,NYA,P,1250000
overbly01,2014,MIL,P,1500000
owenla01,1988,KCA,C,100000
owenser01,2003,ANA,OF,925000
owenshe01,2007,FLO,P,390000
owensja02,1996,COL,C,155000
owensje01,2009,CHA,OF,397500
owensp01,1995,CAL,SS,3500000
owingch01,2023,PIT,SS,530500
owingmi01,2012,SDN,P,500000
ozunama01,2023,ATL,OF,570000
ozunapa01,2008,LAN,SS,1050000
pachejo01,2016,CIN,3B,900000
pacioto01,1987,TEX,OF,201500
padilju01,2005,NYN,P,384000
padilvi01,2012,BOS,P,1500000
paganan01,2016,SFN,OF,11250000
paglimi01,1995,TEX,3B,375000
pagnoto01,1998,SLN,C,2100000
paintla01,2003,SLN,P,575000
palacre01,1990,KCA,OF,100000
palacvi01,2000,SDN,P,250000
palldo01,1998,FLO,P,200000
palmeda01,1989,DET,P,675000
palmede01,2003,DET,3B,8500000
palmema01,2012,SDN,P,420000
palmeor01,2007,HOU,OF,950000
palmera01,2005,BAL,1B,3000000
paniajo01,2003,CHA,P,1325000
panikjo01,2021,MIA,3B,545000
pankoji01,1990,BOS,2B,150000
papeljo01,2016,WAS,P,10936574
pappaer01,1994,SLN,C,140000
paquecr01,2003,DET,OF,2625000
paredji01,2016,PHI,OF,520000
paredjo01,1991,DET,SS,102500
parenma01,1998,PHI,C,400000
parkch01,2010,PIT,P,1200000
parkech01,2001,NYA,P,218600
parkecl01,1992,SEA,P,150000
parkeda01,1990,ML4,1B,1600000
parkeja02,2013,OAK,P,850000
parkeri01,1996,LAN,OF,140000
parksde01,1994,MIN,C,116000
parmech01,2016,NYA,1B,497500
parnebo01,2016,DET,P,3700000
paronch01,2009,HOU,P,420000
parquji01,2003,TBA,P,400000
parrage01,2021,WAS,OF,8000000
parrajo01,2004,NYN,P,125000
parrama01,2015,CIN,P,3500000
parreje01,1996,PHI,P,675000
parrian01,2015,OAK,SS,492500
parrijo01,2010,KCA,P,600000
parrila01,1988,BOS,1B,550131
parrila02,1995,TOR,C,290000
parrist01,2003,TBA,P,400000
pasquda01,1994,CHA,OF,1750000
pastofr01,1986,MIN,P,60000
pastoty01,2014,ATL,2B,500000
paterjo01,2014,ARI,P,497500
patribr01,1999,SFN,P,170000
pattebo01,1998,CHN,P,900000
patteco01,2011,SLN,OF,900000
patteda04,2004,DET,P,2800000
patteer01,2011,SDN,OF,423300
pattejo01,1995,SFN,2B,122500
pattejo02,2007,WAS,P,850000
patteke01,1994,CAL,P,640000
pattoda01,2009,CHN,P,400000
pattotr01,2014,SDN,P,1275000
pauleda01,2012,TOR,P,422000
paulife01,2014,CHA,P,1750000
pauliro01,2012,BAL,C,1000000
pauljo01,2007,TBA,C,625000
paulsbe01,2016,COL,OF,512500
paulxa01,2014,ARI,OF,505000
pavanca01,2012,MIN,P,9000000
pavlada01,1996,NYA,P,120000
pavliro01,1998,TEX,P,1600000
pawlojo01,1988,CHA,P,62500
paxtoja01,2024,BOS,P,519000
paytoja01,2010,COL,OF,5000000
peacobr01,2021,BOS,P,515800
pearcst01,2019,BOS,OF,4750000
pearste01,2002,DET,P,200000
peavyja01,2016,SFN,P,15000000
pecotbi01,1994,ATL,OF,575000
pederjo01,2025,TEX,OF,520000
pedrial01,1989,DET,SS,91000
pedrodu01,2019,BOS,2B,12642511
peguefr01,2013,SFN,OF,490500
pegueju01,1992,PHI,OF,100000
peguest01,1995,PIT,OF,115000
pelfrmi01,2017,CHA,P,8000000
pelloki01,2004,COL,OF,310000
peltida01,1996,SFN,OF,109000
pemberu01,1997,BOS,OF,152000
penaal01,1996,FLO,P,50000
penaan01,2001,LAN,C,210000
penaar01,2016,MIL,P,510000
penabr01,2016,SLN,C,2500000
penaca01,2014,TEX,1B,2900000
penage01,1996,CLE,3B,770000
penaje01,2000,BOS,P,200000
penaju01,1999,BOS,P,202500
penara01,1989,DET,P,1200000
penara02,2016,SFN,SS,700000
penato01,1997,HOU,C,425000
penato02,2009,KCA,SS,425000
penato03,2011,CHA,P,1600000
penawi01,2011,ARI,OF,2000000
pencehu01,2020,SFN,OF,18700000
pendlte01,1998,KCA,3B,425000
pennha01,2010,PIT,P,402000
pennibr01,1998,TBA,P,160000
pennicl01,2018,CIN,SS,1500000
pennybr01,2014,MIA,P,3000000
pennywi01,1994,PIT,OF,115000
peralda01,2024,SDN,OF,529600
peraljh01,2017,SLN,3B,12500000
peraljo01,2016,CHN,P,1250000
peralwi01,2022,DET,P,2800000
perazos01,1988,BAL,P,77500
percitr01,2009,TBA,P,4445000
percoja01,1986,CHA,2B,150000
perdolu02,2022,MIL,P,507500
perezan01,2006,OAK,SS,334500
perezca01,2000,LAN,P,7833333
perezca02,2023,OAK,P,513000
perezch01,2014,LAN,P,2300000
perezed01,2006,SEA,1B,1750000
perezed02,2005,ATL,C,625000
perezfe01,2009,TBA,OF,402800
perezhe01,2021,WAS,P,508500
perezju01,2013,TOR,P,380000
perezju02,2015,SFN,OF,501000
perezlu01,2013,TOR,P,500000
perezma02,2025,CHA,P,3150000
perezme01,1995,NYA,P,4650000
perezmi01,1997,KCA,P,500000
perezne01,2007,DET,SS,2500000
perezod01,2008,WAS,P,850000
perezol01,2022,ARI,P,3000000
perezpa01,1991,NYA,P,2133333
perezra01,2012,CLE,P,2005000
perezro01,2001,MIL,OF,215000
perezro02,2023,SFN,C,515800
perezsa01,2001,SDN,SS,207000
perezsa02,2025,KCA,C,2000000
perezti01,2007,DET,OF,1000000
perezto01,1986,CIN,1B,275000
perezto02,1992,CLE,SS,127500
perezto03,2008,HOU,3B,650000
perezwi01,2016,ATL,P,511250
perezyo01,2002,BAL,P,500000
perisma01,2005,BOS,P,475000
perkida01,1999,MIN,P,200000
perkigl01,2017,MIN,P,6300000
perryge01,1995,SLN,1B,299000
perryhe01,2004,TEX,3B,1700000
perrypa02,1990,LAN,P,150000
perryry01,2012,WAS,P,430000
persoro01,2003,BOS,P,300000
pestavi01,2015,LAA,P,1150000
petagro01,2006,SEA,1B,450000
peterch01,2001,MON,P,450000
peterja01,2024,ARI,SS,520500
peterje01,1989,ML4,P,68000
peterky01,2001,MIL,P,215000
peterst01,1988,SLN,P,62500
petitgr01,2018,MIN,SS,510000
petityu01,2021,OAK,P,2500000
petkoma01,2001,TEX,P,2050000
petrage01,1993,TEX,C,650000
petribe01,2003,DET,OF,265000
petrija01,2021,LAA,P,535000
petryda01,1991,BOS,P,650000
pettian01,2013,NYA,P,12000000
pettich01,2009,LAA,OF,414000
pettiga01,1992,DET,OF,300000
pettijo02,2014,PHI,P,500000
pettyad01,2008,CIN,P,217500
phamth01,2025,PIT,OF,510000
phegljo01,2020,CHN,C,512500
phelpda01,2022,TOR,P,2500000
phelpjo01,2008,SLN,OF,600000
phelpke01,1990,CLE,1B,825000
phelpto01,2005,MIL,P,360000
phelptr01,2004,MIL,P,218000
phillan01,2008,CIN,3B,333150
phillbr01,2018,BOS,3B,13083333
phillja03,2003,CLE,P,200000
phillja04,2007,TOR,C,500000
philljr01,1999,COL,OF,250000
phillto02,1999,OAK,SS,700000
piattad01,2003,TBA,OF,322000
piazzmi01,2006,SDN,C,8500000
picciro01,1985,OAK,SS,100000
pichahi01,2002,HOU,P,500000
pickeca01,2004,KCA,1B,323500
picoje01,1990,CHN,P,120000
piedrjo01,2006,COL,OF,335000
piefe01,2013,PIT,OF,985000
pierrju01,2013,MIA,OF,1600000
pierzaj01,2016,ATL,C,3000000
pignaca01,2008,CHN,P,391500
pillake01,2025,TEX,OF,521100
pillbr01,2013,SFN,OF,494000
pimenst01,2015,TEX,P,505500
pinama01,2023,OAK,C,480425
pinedlu01,2002,CIN,P,208000
pinedmi01,2022,DET,P,4300000
pineijo01,2011,LAA,P,8000000
pintojo01,2014,MIN,C,500000
pintore01,2010,FLO,P,1075000
pireljo01,2019,PHI,OF,510000
pirklgr01,1996,SEA,1B,112500
piscima01,1999,KCA,P,180000
piscost01,2022,OAK,OF,512500
pittsji01,1999,MIL,P,255000
planter01,1997,PHI,P,150000
plantph01,1997,SLN,OF,500000
plaweke01,2022,TEX,C,511360
plesada01,2003,PHI,P,2000000
plouftr01,2018,PHI,OF,7250000
plunker01,1999,MIL,P,1850000
podsesc01,2012,BOS,OF,1650000
polangr01,2021,PIT,OF,535000
polanpl01,2013,MIA,3B,2750000
polcoke01,1998,PIT,SS,200000
polidgu01,1993,FLO,3B,185000
politcl01,2006,CHA,P,1200000
polleda01,1996,NYA,P,109000
polloaj01,2023,SFN,OF,3500000
polonlu01,2000,NYA,OF,1100000
pomerdr01,2025,CHN,P,1350000
pompeda01,2018,TOR,OF,508500
pondsi01,2004,TOR,OF,300000
ponsosi01,2009,KCA,P,1000000
pooleji02,2000,MON,P,200000
porceri01,2020,NYN,P,20125000
portebo03,2001,TEX,OF,207000
porteda02,1987,TEX,C,162500
portuma01,1999,BOS,P,2700000
porzimi01,2003,CHA,P,215000
posadjo01,2011,NYA,C,13100000
posesc01,2000,KCA,OF,232500
poseybu01,2021,SFN,C,20777778
potelo01,2004,CLE,P,255000
pottsmi01,1996,ML4,P,109000
powelal01,1991,SEA,OF,125000
powelbr01,2004,PHI,P,170000
powelda01,2001,SFN,OF,200000
powelde01,1993,SEA,P,175000
powelja04,2005,ATL,P,3500000
powelje01,2000,MON,P,218000
powella01,2011,OAK,C,420000
powelro01,1995,PIT,P,115000
powerte01,1993,SEA,P,500000
pradoma01,2019,MIA,3B,11000000
prattan01,2004,CHN,P,300000
prattto02,2006,ATL,C,850000
preslal01,2017,DET,OF,1000000
preslji01,1991,SDN,3B,500000
pressry01,2025,CHN,P,520000
priceda01,2022,LAN,P,30000000
pricejo02,1990,BAL,P,325000
pridecu01,2006,LAA,OF,216000
prietar01,2001,TBA,P,700000
princto01,2003,KCA,C,450000
prinzbr01,2007,CHA,P,342322
priorma01,2006,CHN,P,1000000
pritcch01,2000,PHI,1B,171000
proctsc01,2011,NYA,P,750000
profaju01,2025,ATL,OF,491000
prokolu01,2002,TOR,P,390000
pryorgr01,1986,KCA,SS,293808
pryorst01,2014,SEA,P,492200
puckeki01,1995,MIN,SS,7200000
pughti01,1997,DET,P,195000
puhlte01,1991,KCA,OF,800000
puigya01,2019,CLE,OF,7214285
pujolal01,2022,SLN,P,25000000
puleoch01,1989,ATL,P,195000
pulidca01,2004,MIN,P,305000
pulliha01,1997,COL,OF,150000
pulsibi01,2005,SLN,P,257500
puntoni01,2014,OAK,SS,2750000
purceda01,2013,CHA,P,436400
putkolu01,2014,DET,P,510000
putnaza01,2017,CHA,P,975000
putzjj01,2014,ARI,P,7000000
quackke01,2021,LAN,P,521200
quallch01,2017,COL,P,2250000
quantpa01,2005,FLO,P,3000000
quentca01,2014,SDN,OF,9500000
queveru01,2003,MIL,P,252500
quinlro01,2010,LAA,OF,1100000
quinlto01,1996,MIN,3B,125000
quinnma01,2002,KCA,OF,375000
quinolu01,1992,MIN,SS,300000
quinore01,1989,PIT,SS,120000
quintca01,1993,BOS,OF,340000
quinthu01,2014,SEA,C,1000000
quintjo01,2025,MIL,P,5400000
quintom01,2014,NYN,SS,408000
quirkja01,1992,OAK,C,525000
quirogu01,2014,SFN,C,400000
quiseda01,1990,SFN,P,100000
raabebr01,1997,COL,2B,160000
rabelmi01,2008,FLO,C,390000
raburry01,2017,WAS,OF,1500000
radinsc01,2001,CLE,P,2500000
radkebr01,2006,MIN,P,9000000
raineti01,2002,FLO,OF,350000
rakeraa01,2007,SDN,P,327000
rakerja01,2000,KCA,P,203000
ramiral02,2000,PIT,OF,217500
ramiral03,2016,TBA,SS,3000000
ramirar01,2015,PIT,3B,14000000
ramired01,2010,OAK,P,427400
ramirel01,2008,TEX,P,390000
ramirel02,2012,NYN,P,414000
ramirer01,2007,FLO,P,480000
ramirer02,2025,MIN,P,2375000
ramirha01,2018,BOS,1B,22750000
ramirhe01,2000,MIL,P,200000
ramirho01,2011,LAA,P,1800000
ramirjo01,2025,CLE,3B,518200
ramirjo02,2018,ATL,P,507500
ramirju01,2005,SFN,OF,300000
ramirma02,2010,LAN,OF,2020000
ramirne01,2019,TOR,P,524500
ramirno01,2022,ARI,P,509500
ramirra01,1992,HOU,SS,400000
ramirra02,2014,BAL,P,2650000
ramirro01,1999,COL,P,206000
ramosaj01,2021,LAA,P,3400000
ramosce01,2016,TEX,P,1312000
ramosdo01,1990,CHN,SS,310000
ramosed01,1997,PHI,P,150000
ramosjo01,1991,NYA,C,109000
ramoswi01,2021,CLE,C,5350000
ramsaro01,2000,SEA,P,235000
randajo01,2006,PIT,3B,4000000
randost01,2007,HOU,P,322500
randowi01,1992,NYN,2B,850000
ransoco01,2013,CHN,SS,455100
rapadcl01,2013,CLE,P,553625
rapppa01,2001,ANA,P,2000000
rasmuco01,2018,BAL,OF,15800000
rasmuco02,2016,LAA,P,514500
rasmude01,1995,KCA,P,185000
rasneda01,2008,NYA,P,384523
rauchjo01,2013,MIA,P,1000000
ravinjo01,2018,ATL,P,515000
rawlesh01,1989,MIN,P,350000
raych01,2011,SEA,P,1000000
rayfofl01,1987,BAL,C,248000
rayjo01,1990,CAL,2B,1125000
raynojo01,2010,PIT,OF,400000
rayro02,2025,SFN,P,521000
reaco01,2025,CHN,P,510200
readyra01,1995,PHI,2B,150000
realmjt01,2025,PHI,C,532500
reamebr01,2006,PIT,P,235000
reardje01,1994,NYA,P,250000
rebouje01,2003,PIT,3B,450000
reckean01,2017,ATL,C,517880
reddijo01,2021,ARI,P,6575000
redditi01,2009,NYN,P,2250000
redmama01,2008,COL,P,1000000
redmati01,2007,BAL,OF,336500
redmomi01,2010,CLE,C,850000
redmoto01,2015,TOR,P,520000
redusga01,1994,TEX,OF,500000
reedad01,2018,MIN,P,5300000
reedda01,1992,MIN,OF,158000
reeder01,2007,FLO,OF,327000
reedev01,2014,DET,P,503000
reedje01,1990,BOS,P,380000
reedje02,2000,CHN,C,1000000
reedje03,2010,TOR,OF,550000
reedjo01,1997,DET,2B,675000
reedri01,2003,MIN,P,8000000
reedst01,2005,BAL,P,900000
reesepo01,2004,BOS,SS,900000
regilni01,2005,TEX,P,316500
reichda01,2003,TOR,P,310000
reimeke01,1993,ML4,OF,725000
reimono01,2016,BAL,OF,1300000
reithbr01,2004,CIN,P,327250
reitsch01,2007,SEA,P,1350000
rekarbr01,2002,KCA,P,1400000
relafde01,2007,TEX,OF,950000
remlimi01,2006,ATL,P,700000
remyje01,1984,BOS,2B,483333
rendoan01,2024,LAA,3B,2800000
renteed01,2011,CIN,SS,2068391
renteri01,1994,FLO,OF,160000
repkoja01,2012,BOS,OF,600000
resopch01,2013,OAK,P,1350000
restomi01,2007,WAS,OF,318500
reuscri01,1991,SFN,P,1350000
reussje01,1990,PIT,P,590000
reverbe01,2017,LAA,OF,6250000
reyesal01,2008,TBA,P,2300000
reyesan01,2009,CLE,P,425000
reyesca01,2003,TBA,P,500000
reyesde01,2011,BOS,P,900000
reyesgi01,1991,MON,C,100000
reyesjo01,2018,NYN,SS,22000000
reyesjo03,2016,MIA,P,439100
reyesre01,2004,COL,OF,300000
reynoar02,2002,ARI,P,4125000
reynocr01,1989,HOU,SS,600000
reynogr01,2013,CIN,P,403000
reynoha01,1994,CAL,2B,230000
reynoma01,2019,COL,P,2600000
reynoma02,2016,SFN,P,600000
reynorj01,1990,PIT,OF,535000
reynoro02,1990,SDN,C,80000
reynosh01,2004,ARI,P,1000000
rheinjo01,2007,TEX,P,395330
rhodear01,2011,SLN,P,3900000
rhodeka01,1995,BOS,OF,145000
rhoderi01,1989,HOU,P,900000
rhymewi01,2012,TBA,3B,419000
riceji01,1988,BOS,OF,2354748
ricesc01,2014,NYN,P,542500
richach01,2009,TBA,1B,325000
richacl01,2019,TOR,P,2000000
richada02,2009,CIN,3B,392500
richaga01,2022,TEX,P,6425000
richaje01,1993,BOS,SS,115000
richmsc01,2012,TOR,P,409900
rickajo01,2020,SFN,OF,507500
riedljo01,2005,FLO,P,750000
rigbybr01,2000,MON,P,220000
rigdopa01,2001,MIL,P,255000
riggaje01,2003,CLE,P,218000
riggash01,2009,TBA,C,413900
riggsad01,2004,ANA,OF,170000
righeda01,1995,CHA,P,300000
rightro01,1995,ML4,P,109000
rijojo01,2002,CIN,P,500000
rileser01,1993,BOS,3B,400000
rileyma01,2005,TEX,P,328000
rincoju01,2010,COL,P,750000
rincori01,2008,NYN,P,1200000
ringro01,2010,NYA,P,397500
riosal01,2015,KCA,OF,11000000
riosar01,2003,CHA,OF,450000
ripkebi01,1998,DET,SS,400000
ripkeca01,2001,BAL,3B,6300000
riskeda01,2010,MIL,P,4500000
rislebi01,1998,TOR,P,575000
ritchto01,2004,TBA,P,1150000
ritchwa01,1992,PHI,P,165000
rittere01,1987,CLE,P,62500
ritzke01,1998,COL,P,3000000
rivaslu01,2008,PIT,SS,525000
riverbe01,1994,PHI,P,335000
riverfe01,2019,PIT,P,516100
riverju01,2012,LAN,OF,4000000
riverlu01,1998,KCA,SS,245000
riverlu02,2000,BAL,P,205000
riverma01,2013,NYA,P,10000000
rivermi02,2011,MIL,C,415000
riverre01,2021,WAS,C,1200000
riverro01,1999,SDN,P,109000
riverru01,2003,SFN,OF,500000
riversa01,2010,ARI,P,475000
riverya01,2020,TEX,SS,508600
rizzoan01,2024,NYA,1B,5285714
rizzoto01,1999,CHA,P,170000
rlealse01,2006,BAL,P,380000
roajo01,2004,MIN,P,320000
roarkta01,2021,TOR,P,543400
roberbe01,1986,MON,P,138100
roberbi01,1998,OAK,OF,2300000
roberbr01,2014,NYA,2B,2000000
roberda07,2008,SFN,OF,6500000
roberda08,2025,PHI,P,11000000
roberda09,2017,CLE,OF,511250
robergr01,2004,NYN,P,319500
roberje02,2004,CLE,P,300000
roberke01,1996,NYN,OF,125000
robermi01,1997,PHI,OF,150000
roberna01,2010,PHI,P,10000000
roberri02,1998,ANA,P,205000
roberry01,2014,BOS,3B,2950000
robersi01,1995,ML4,P,109000
roberty01,2013,MIN,P,495000
roberwi01,2004,PIT,P,3500000
robincl01,2016,WAS,OF,534900
robindo01,1992,PHI,P,900000
robinje01,1992,CHN,P,588853
robinje02,1992,PIT,P,200000
robinke01,1997,TOR,P,185000
robinke02,2006,KCA,OF,450000
robinro01,1992,ML4,P,1100000
robinsh01,2018,NYA,OF,550000
robleha01,2022,BOS,P,516500
rochfmi01,1990,BOS,P,115000
rockejo01,2003,TBA,P,2500000
rodnefe01,2019,WAS,P,1600000
rodonca01,2025,NYA,P,518000
rodrial01,2016,NYA,3B,21000000
rodrian01,2012,HOU,P,414000
rodrica01,1995,BOS,SS,167000
rodried05,2025,ARI,P,521000
rodrife01,2006,WAS,P,600000
rodrife02,2016,OAK,P,1050000
rodrifr02,2001,CIN,P,580000
rodrifr03,2017,DET,P,7383481
rodrihe02,2002,MON,OF,300000
rodrihe03,2014,MIA,P,501000
rodriiv01,2011,WAS,C,3000000
rodrijo03,2006,SLN,OF,332000
rodrijo05,2011,PIT,SS,414000
rodrili01,1999,CHA,SS,200000
rodrilu01,2011,SEA,SS,600000
rodrine01,2002,SLN,P,172500
rodriri02,2003,ANA,P,600000
rodriri03,2005,TEX,P,302400
rodriro02,1991,PIT,P,114000
rodriru01,1988,PIT,C,62500
rodrise01,2020,MIA,OF,2500000
rodrist02,2015,LAN,P,520500
rodriwa01,2015,TEX,P,507000
roeniga01,1988,ATL,OF,380000
roenijo01,2013,MIN,P,505000
roeniro01,1988,CIN,OF,191500
roeslmi01,1990,PIT,P,104000
rogeres01,2015,NYA,P,1480000
rogerja02,2016,PIT,3B,507500
rogerji02,1995,TOR,P,109000
rogerke01,2008,DET,P,8000000
rogerke02,1994,SFN,P,200000
rohdeda01,1992,CLE,3B,125000
rojasme01,1999,MON,P,4583334
rojasmi02,2025,LAN,SS,511000
rolensc01,2012,CIN,3B,8166666
rolisna01,2000,FLO,1B,200000
rolliji01,2016,CHA,SS,2000000
rollsda01,2004,TBA,OF,800000
romanja01,2005,CIN,OF,302500
romanjo02,1986,CLE,P,60000
romanro01,1986,CAL,P,425000
romeral01,2009,ARI,OF,390000
romerda01,2006,TOR,P,381500
romered01,1990,DET,3B,350000
romeren01,2018,KCA,P,510000
romerjc01,2012,BAL,P,750000
romerri01,2013,TOR,P,7500000
rominan01,2021,CHN,SS,900000
rominau01,2022,CIN,C,556000
rominke01,1991,BOS,OF,355000
romose01,2022,TOR,P,9000000
rondobr01,2018,CHA,P,510000
rondohe01,2020,ARI,P,4200000
roneyma01,2006,OAK,P,300000
roomero01,1990,MON,OF,140000
roquera01,2000,MIL,P,212000
rosadjo01,2000,KCA,P,3250000
rosalad01,2018,CLE,SS,800000
rosalle01,2010,ARI,P,409500
rosared01,2025,ATL,OF,542500
rosarfr01,2007,PHI,P,395000
rosarvi01,1990,ATL,SS,100000
rosarwi01,2015,COL,C,2800000
rosebo01,1992,CAL,2B,125000
rosebr01,2001,TBA,P,278000
rosenbj01,2014,PHI,P,500000
rosenst01,1991,SDN,P,155000
rosentr01,2020,SDN,P,5600000
rosepe01,1986,CIN,1B,1000000
rossco01,2015,OAK,OF,9500000
rosscza01,2021,COL,P,524500
rossda01,2016,CHN,C,2500000
rossejo01,1995,SFN,P,109000
rossjo01,2025,PHI,P,514400
rossro01,2017,BOS,P,1250000
rossty01,2019,DET,P,9625000
rossyri01,1998,SEA,SS,185000
rousemi01,2007,CLE,SS,380100
rowanaa01,2011,SFN,OF,13600000
rowdowa01,1988,BAL,OF,72500
rowlari01,1995,BOS,C,162500
rowlary01,2014,ARI,P,725000
royerst01,1994,BOS,3B,130000
roystje01,1988,ATL,SS,275000
rozemda01,1986,TEX,P,350000
ruanwi01,2003,LAN,OF,301000
ruary01,2018,TEX,P,510120
ruckeda01,1988,PIT,P,220000
ruebema01,1998,TBA,P,160000
rueteki01,2005,SFN,P,7133333
rufda01,2023,MIL,1B,527000
ruffcsc01,1997,PHI,P,158500
ruffibr01,1997,COL,P,1000000
ruffijo01,2001,FLO,P,195000
ruggiju01,2017,SFN,OF,1650000
ruhleve01,1986,CAL,P,60000
ruizca01,2017,SEA,P,8500000
ruizra01,2010,TOR,1B,404300
rungepa01,1988,ATL,SS,107500
runyase01,2000,DET,P,300000
runzlda01,2017,PIT,P,483000
rupejo01,2011,BAL,P,475000
rupery01,2003,BOS,P,575000
ruppca01,2017,PHI,C,518000
ruschgl01,2009,COL,P,750000
rusinch01,2020,ATL,P,512500
ruskisc01,1993,CIN,P,235000
russead01,2011,TBA,P,420800
russead02,2019,CHN,SS,527000
russebi01,1986,LAN,SS,450000
russeja02,2016,PHI,P,1500000
russeje01,1996,TEX,P,615000
russejo02,1993,TEX,OF,170000
ruthvdi01,1986,CHN,P,1050000
rutlejo01,2017,BOS,3B,501000
ryalru01,2010,ARI,OF,401000
ryanbj01,2009,TOR,P,12000000
ryanbr01,2016,LAA,SS,2000000
ryanja04,2000,MIN,P,200000
ryanke01,1999,PHI,P,600000
ryanky01,2021,CHN,P,509500
ryanmi03,2010,LAA,OF,321000
ryanno01,1993,TEX,P,3757000
ryanro02,2001,OAK,OF,200000
ryuhy01,2023,TOR,P,7833333
ryuja01,2008,TBA,P,382200
rzepcma01,2018,CLE,P,2950000
saarlki01,2008,OAK,P,1200000
sabatcc01,2019,NYA,P,25000000
saberbr01,2001,BOS,P,5000000
saboch01,1996,CIN,3B,200000
sadleca01,2003,CLE,P,303200
sadledo01,2007,ARI,2B,400000
saenzol01,2007,LAN,3B,1000000
sageraj01,1998,DET,P,287500
saitota01,2012,ARI,P,1750000
sakatle01,1987,NYA,3B,125000
saladty01,2019,MIL,SS,513000
salasfe01,2019,PHI,P,2400000
salasju01,2008,TBA,P,382000
salasma01,1991,DET,C,450000
salazan01,1988,CHN,SS,100000
salazda01,2019,CLE,P,536200
salazje01,2009,PIT,OF,393000
salazlu01,1992,CHN,SS,600000
salazos01,2010,SDN,OF,408500
salech01,2025,ATL,P,9150000
salkero01,1996,CIN,P,120000
salmoti01,2006,LAA,OF,400000
saltaja01,2018,DET,C,507500
samarje01,2020,SFN,P,10800000
sambijo01,1987,BOS,P,360000
sammocl01,2009,ATL,C,400000
sampebi01,1994,CAL,P,225000
samplbi01,1986,ATL,OF,470000
sampsbe01,1999,MIN,P,200000
sampsch01,2010,HOU,P,815000
sampske01,2016,CIN,P,507500
samueju01,1998,TOR,OF,421000
sanchaa01,2022,MIN,P,517800
sanchal03,2005,SFN,OF,316000
sanchan01,2022,WAS,P,16800000
sanchan02,2013,CHA,2B,505000
sanchbr01,2012,PHI,P,425000
sanchca01,2022,NYN,SS,510000
sanchdu01,2009,SDN,P,1687500
sanchfr01,2011,SFN,2B,6000000
sanchga01,2014,PIT,OF,2300000
sanchhe01,2017,SDN,C,800000
sanchhu01,2008,NYA,P,390000
sanchis01,1990,KCA,P,70500
sanchje01,2004,CIN,P,1425000
sanchjo01,2013,PIT,P,1375000
sanchlu01,1985,CAL,P,340000
sanchre01,2005,NYA,SS,600000
sanchto01,2015,PIT,C,518000
sandbry01,1997,CHN,2B,3250000
sandean01,2001,SEA,OF,202500
sandede02,2001,CIN,OF,300000
sandere02,2007,KCA,OF,5000000
sandesc01,1996,CAL,P,200000
sandesc02,1999,CHN,P,825000
sandofr01,2009,LAA,3B,414000
sandopa01,2021,ATL,3B,17600000
sandsje01,2016,CHA,OF,535000
sanomi01,2024,LAA,P,547500
santaan01,1990,SFN,SS,100000
santaca01,2025,CHN,1B,8450000
santada01,2021,BOS,OF,537500
santado01,2020,CLE,OF,513800
santaer01,2021,KCA,P,13500000
santafp01,2001,OAK,OF,750000
santajo01,2012,NYN,P,23145011
santaju01,2006,PHI,P,800000
santara01,1990,CLE,SS,250000
santibe01,2005,PIT,C,2150000
santihe01,2021,SEA,P,5000000
santijo03,2005,NYN,P,600000
santira01,2014,CIN,SS,1100000
santone01,1993,KCA,C,282500
santose01,2015,NYA,P,3750000
santovi01,2007,BAL,P,500000
sappeda01,2013,CHN,OF,492000
sardilu01,2018,BAL,2B,512000
sarfade01,2009,BAL,P,410000
sasakka01,2003,SEA,P,8000000
sassema01,1995,PIT,C,585000
satinjo01,2014,NYN,3B,506809
sauersc01,2006,OAK,P,1200000
saundjo01,2014,BAL,P,6000000
saundmi01,2017,TOR,OF,2900000
saundto01,1999,TBA,P,425000
saverjo01,2014,OAK,P,480000
saxst01,1994,OAK,2B,3475000
scanlbo01,2001,MON,P,800000
scarsst01,1999,KCA,SS,200000
schaeje01,1994,OAK,SS,165000
schafjo02,2015,MIN,OF,1550000
schaflo01,2016,MIN,OF,510500
schalge01,1996,PHI,1B,109000
schatda01,1991,KCA,P,700000
schebsc01,2021,LAA,OF,507500
schepta01,2017,TEX,P,900000
scherbi01,1988,PHI,P,100000
scherma01,2025,TOR,P,22142857
schiena01,2014,WAS,OF,5000000
schilcu01,2007,BOS,P,8000000
schirca01,1991,TEX,P,600000
schleda01,2012,DET,P,490000
schlibr01,2019,OAK,P,414000
schmida01,1992,SEA,P,651000
schmija01,2009,LAN,P,15217401
schmije01,1996,CAL,P,170000
schmimi01,1989,PHI,3B,2250000
schmost01,2005,LAN,P,316000
schnebr01,2012,PHI,C,800000
schoesc01,2010,BOS,P,500000
schofdi02,1996,CAL,SS,250000
schoojo01,2023,DET,SS,522500
schoomi01,1993,TEX,P,800000
schoupe01,2001,BOS,P,1000000
schrest01,2000,PHI,P,210000
schrobi01,1990,CAL,C,407500
schroke01,1987,CLE,P,450000
schulbo02,2016,TOR,P,513300
schuldo01,1989,SDN,P,110000
schuler01,1995,MIN,P,113000
schumsk01,2015,CIN,OF,2500000
schuri01,1996,MON,3B,185000
schwaje01,1994,CAL,P,150000
schwaky01,2025,PHI,OF,522000
schwami01,1990,DET,P,107000
sciosmi01,1992,LAN,C,300000
sconida01,1985,CAL,1B,130000
scottga01,1992,CHN,SS,116000
scottlu01,2013,TBA,OF,2750000
scottmi03,1991,HOU,P,2412500
scottti01,1997,COL,P,415000
scribev01,2017,SEA,P,807500
scuddsc01,1993,CLE,P,750000
scurrro01,1988,SEA,P,340000
scutama01,2014,SFN,2B,6666667
seabosc01,2005,SLN,OF,200000
seageco01,2025,TEX,SS,510000
seageky01,2021,SEA,3B,8000000
seaneru01,2008,PHI,P,700000
searara01,1990,LAN,P,342500
searcst01,1992,PHI,P,175000
seaveto01,1986,BOS,P,1132652
seaybo01,2009,DET,P,2475000
sebrabo01,1990,ML4,P,140000
seelbch02,2001,ATL,P,200000
sefcike01,2000,PHI,OF,475000
segovza01,2009,WAS,P,380000
seguida01,2004,BAL,1B,7000000
seguife01,2003,NYA,1B,231500
segurje01,2023,MIA,3B,2600000
segurjo01,1991,SFN,P,100000
seitzke01,1997,CLE,3B,1220000
selbybi01,2003,CLE,OF,325000
seleaa01,2007,NYN,P,1000000
selleje01,1988,BOS,P,135000
selleju01,2014,CLE,SS,504000
semiema01,2025,TEX,2B,512500
seminfr01,1994,NYN,P,150000
seoja01,2007,TBA,P,1200000
serafda01,2007,COL,P,230000
servasc01,2001,HOU,C,625000
servisc01,2004,ARI,P,500000
severlu01,2025,ATH,P,521300
sexsori01,2008,NYA,1B,15500000
sextoch01,2000,CIN,SS,202000
sharpmi01,1995,ATL,3B,255000
shavejo01,1999,TEX,SS,200000
shawbr01,2024,CHA,P,2750000
shawje01,2001,LAN,P,6383333
shawtr01,2022,BOS,1B,515000
sheafda01,1997,SLN,OF,425000
shealry01,2010,BOS,1B,392500
sheetan01,2002,TBA,SS,275000
sheetbe01,2012,ATL,P,10000000
sheetla01,1993,SEA,OF,670000
sheffga01,2009,NYN,OF,14000000
shelbjo01,1991,DET,OF,525000
sheldsc01,2001,TEX,SS,265000
shellst01,2009,WAS,P,425000
sheltch01,2009,SEA,1B,365000
shephro01,1986,TOR,OF,72000
sheripa01,1991,NYA,OF,430000
shermda02,1993,SDN,OF,109000
sherrge01,2012,SEA,P,1100000
shielja01,2006,ATL,P,303000
shielja02,2018,CHA,P,21000000
shielsc01,2010,LAA,P,5350000
shielst01,1989,MIN,P,125000
shielto01,1993,CHN,OF,130000
shinjts01,2003,NYN,OF,600000
shiplcr01,1998,ANA,SS,500000
shirlbo01,1987,KCA,P,750000
shoemma01,2021,MIN,P,530000
shoppke01,2013,CLE,C,1500000
shousbr01,2009,TBA,P,1350000
shower01,1991,OAK,P,800000
shrevch01,2024,COL,P,533400
shuckja01,2019,PIT,P,521000
shueypa01,2007,BAL,P,3916667
shumpte01,2003,TBA,SS,300000
siddajo01,1998,DET,OF,190000
siegrke01,2017,PHI,P,539000
sierrca01,1988,CIN,P,62500
sierrmo01,2018,WAS,OF,504700
sierrru01,2005,NYA,OF,1500000
silvaca01,2010,CHN,P,12750000
silvajo01,2002,CIN,P,650000
silvawa01,2009,SDN,P,400000
silveda01,1999,ANA,SS,185000
simasbi01,2000,CHA,P,1950000
simmoan01,2022,CHN,SS,6000000
simmobr01,2001,TOR,OF,225000
simmosh01,2017,SEA,P,508000
simmote01,1988,ATL,C,470000
simmsmi01,1999,TEX,OF,625000
simonal01,2016,CIN,P,2000000
simondo01,1992,MON,P,100000
simonja01,2007,WAS,P,350000
simonra01,2004,TBA,1B,800000
simpsal01,2006,MIL,P,318000
sinatma01,1992,SEA,C,150000
sinclst01,1999,SEA,P,170000
singlch01,2005,TBA,OF,550000
singljo02,2025,HOU,1B,2000000
sippto01,2019,WAS,P,6000000
sirotmi01,2000,CHA,P,3800000
siscoan01,2007,CHA,P,405000
siskdo01,1991,ATL,P,410000
sizemgr01,2015,TBA,OF,2000000
sizemsc01,2014,NYA,3B,500000
skaggty01,2019,LAA,P,502250
skalsjo01,1989,CLE,P,100000
skinnjo01,1991,CLE,C,750000
skipwky01,2013,MIA,C,508000
slatedo01,2012,PIT,P,695000
slatoji01,1986,DET,P,60000
slaugdo01,1997,SDN,C,350000
sledgte01,2007,SDN,OF,390000
slocuhe01,2000,SDN,P,1600000
sloweke01,2014,MIA,P,800000
slusajo01,2001,HOU,P,360000
smallaa01,2006,NYA,P,1200000
smallma01,1996,HOU,P,155000
smallro02,1987,MIN,SS,740000
smilejo01,1997,CLE,P,3750000
smithbo06,2002,TBA,OF,255000
smithbr01,1993,COL,P,250000
smithca02,2018,BOS,P,529000
smithch06,2001,FLO,P,240000
smithda02,1992,CHN,P,250000
smithda05,1994,TEX,P,112000
smithda06,2003,MON,P,310000
smithdw01,1996,ATL,OF,455000
smithgr01,1991,LAN,2B,125667
smithgr02,2010,COL,P,406000
smithja05,2009,HOU,SS,500000
smithjo05,2022,MIN,P,5250000
smithjo06,2011,CIN,P,480000
smithle02,1997,MON,P,400000
smithlo01,1994,BAL,OF,750000
smithma03,2003,MIL,OF,260000
smithma04,2007,PHI,P,380000
smithmi03,1989,BOS,P,480000
smithmi05,1990,BAL,P,102000
smithoz01,1996,SLN,SS,3500000
smithpe02,1998,BAL,P,975000
smithro01,1991,BAL,P,355000
smithse01,2017,BAL,OF,6750000
smithtr01,2006,ATL,P,170000
smithwi04,2024,KCA,P,1475000
smithza01,1996,PIT,P,400000
smoakju01,2020,MIL,1B,3900000
smolija01,2018,OAK,P,508500
smoltjo01,2009,SLN,P,5500000
smylydr01,2024,CHN,P,3750000
snellch02,2007,OAK,OF,450000
snellia01,2010,SEA,P,4450000
snidetr01,2015,PIT,OF,2100000
snideva01,1989,CIN,OF,102000
snopech01,1998,BOS,3B,190000
snowjt01,2006,BOS,1B,2000000
snydebr03,2018,TBA,3B,481000
snydech02,2013,BAL,C,750000
snydeco02,1994,LAN,SS,1500000
snydejo02,2000,MIL,P,258000
snydeky01,2008,BOS,P,835000
sobkosc01,2001,ATL,P,200000
sodowcl01,1999,SLN,P,214000
soffra01,1987,SLN,P,60000
sogarer01,2021,CHN,SS,1500000
sojolu01,2003,NYA,2B,500000
solando01,2025,TEX,2B,531500
solanju01,1989,SEA,P,80000
solarya01,2019,SFN,SS,525500
solerjo01,2025,LAA,OF,3666666
sonnaan01,2011,TBA,P,912500
sorenla01,1988,SFN,P,320000
soriaal01,2014,NYA,OF,18000000
soriajo01,2021,TOR,P,7000000
soriara01,2015,CHN,P,11000000
sorrepa01,1999,TBA,OF,3000000
sosajo02,2010,FLO,P,2000000
sosasa01,2007,TEX,OF,500000
sotoge01,2017,CHA,C,2800000
sotoma01,1988,CIN,P,1200000
sotone01,2014,CIN,3B,500000
souzast01,2022,SEA,OF,516100
sowerje01,2009,CLE,P,384800
spande01,2018,SEA,OF,5000000
spangco01,2022,SLN,3B,517700
sparkst01,2004,ARI,P,500000
speckcl01,1986,ATL,P,60000
spehrti01,1999,KCA,C,330000
speiech01,1989,SFN,SS,425000
speieju01,2009,LAA,P,4750000
speiery01,2009,COL,P,407000
speigle01,2008,WAS,P,380000
spencsh01,2004,NYN,OF,537500
spencst02,2000,SDN,P,201000
spierbi01,2000,HOU,SS,1700000
spiezsc01,2007,SLN,P,2100000
spilbry01,2011,COL,OF,1950000
spillda01,1985,CHA,P,390000
spilmha01,1989,HOU,C,150000
spiveju01,2005,WAS,2B,1200000
spoljpa01,2000,KCA,P,450000
spoonti01,2003,FLO,P,350000
spradje01,2000,CHN,P,625000
spraged02,2001,SEA,OF,800000
sprinde01,2002,LAN,P,335000
springe01,2025,TOR,OF,522400
sprinru01,2010,CIN,P,3300000
spurlch01,2007,MIL,P,725000
squirmi01,1984,CHA,P,200000
stahosc01,1998,MIN,OF,275000
stairma01,2011,WAS,1B,850000
stammcr01,2022,SDN,P,2250000
standja01,2007,KCA,P,302500
stanfja01,2007,CLE,P,316500
staniro01,2000,BOS,P,185000
stankan01,1998,ARI,2B,350000
stanlbo01,1989,BOS,P,1060000
stanlmi02,2000,OAK,1B,3500000
stantmi02,2007,CIN,P,2000000
stantmi03,2025,NYA,OF,9000000
staplda01,1986,BOS,3B,300000
staplda02,1988,ML4,P,65000
starkde01,2009,SEA,P,321000
starkma01,1987,TOR,C,66500
stassma01,2022,LAA,C,508200
statoda01,1994,SDN,1B,109000
staubru01,1985,NYN,OF,300000
staufti01,2015,NYN,P,2200000
stavini01,2010,SLN,OF,400000
stclara01,1994,TOR,P,100000
stechge01,2002,SLN,P,305000
stefejo01,1987,MON,C,400000
steinbi02,1985,TEX,OF,250000
steinbl01,2002,KCA,P,1350000
steinte01,1999,MIN,C,1000000
stemlst01,2006,KCA,P,330000
stephga01,2003,SLN,P,800000
stephph01,1992,SDN,OF,130000
stephra01,1992,TEX,C,179000
sternad01,2010,MIL,OF,335000
stettmi01,2011,MIL,P,427000
steveda01,2000,ATL,P,225000
stevele01,2002,CLE,OF,4000000
steveto01,1995,DET,OF,125000
stewach01,2018,ARI,C,1350000
stewada01,1995,OAK,P,1000000
stewaia01,2014,LAA,3B,2237500
stewajo02,2004,CHA,P,300000
stewasa01,1987,CLE,P,175000
stewasc01,2004,LAN,P,850000
stewash01,2008,TOR,OF,1500000
stewaza01,2012,BOS,P,481500
stiebda01,1998,TOR,P,450000
stillku01,1996,TEX,SS,150000
stinnke01,2007,SLN,C,650000
stitema01,2015,ARI,P,510500
stockke01,2000,ANA,SS,3300000
stoddbo01,1987,KCA,P,65000
stoddti01,1989,CLE,P,700000
stokebr01,2010,LAA,P,435000
stoneje01,1989,BOS,OF,160000
stoneri01,2007,CIN,P,395000
storedr01,2017,CIN,P,8375000
storytr01,2025,BOS,SS,507500
stottto01,2002,ARI,P,8000000
stovada01,1998,MON,OF,170000
straida01,2019,BAL,P,512100
strakle01,1988,MIN,P,93000
strando01,1998,PIT,3B,550000
strasst01,2022,WAS,P,10400000
strawda01,1998,NYA,OF,875000
streehu01,2017,LAA,P,8000000
strichu01,2025,LAA,P,517500
stricsc01,2010,FLO,P,650000
stripro01,2024,OAK,P,507500
stromma01,2025,NYA,P,515900
stroppe01,2021,CHN,P,4400000
stubbdr01,2017,SFN,OF,507500
stubbfr01,1995,DET,OF,310000
stullev01,2002,MIL,P,216000
stulter01,2015,ATL,P,2750000
stumpda01,2019,DET,P,507500
stupejo01,1985,CIN,P,250000
sturtta01,2008,LAN,P,750000
stutemi01,2013,PHI,P,492500
stynech01,2004,PIT,3B,750000
suareeu01,2025,SEA,3B,545000
sucreje01,2019,BAL,P,512000
suerowi01,1993,ML4,3B,110000
sullico01,2010,HOU,OF,700000
sullima02,1987,BOS,C,110000
sullisc01,2004,KCA,P,2600000
sundbji01,1989,TEX,C,475000
suppaje01,2012,SDN,P,12750000
surhobj01,2005,BAL,OF,1100000
surkaer01,2016,OAK,P,490500
sutclri01,1994,SLN,P,250000
suttebr01,1988,ATL,P,1729167
suttodo01,1988,LAN,P,350000
suttola01,2004,FLO,1B,305000
suzukic01,2019,SEA,OF,2000000
suzukku01,2022,LAA,C,6000000
suzukma01,2002,KCA,P,320000
sveumda01,1999,PIT,SS,200000
swanru01,1994,CLE,P,400000
swartda01,1997,CHN,P,153500
swarzan01,2021,KCA,P,900000
sweenbr01,2010,SEA,P,335000
sweenma01,2008,LAN,OF,600000
sweenmi01,2010,PHI,1B,650000
sweenry01,2014,CHN,OF,1500000
swiftbi02,1998,SEA,P,425000
swihabl01,2019,ARI,OF,518500
swindgr01,2002,ARI,P,2833333
swishni01,2015,ATL,OF,15000000
switzjo01,2009,NYN,P,391100
syndeno01,2023,CLE,P,535375
szczuma01,2018,SDN,OF,511500
szumija01,2004,SDN,P,300000
tabakje01,2001,SLN,P,400000
tabatjo01,2015,PIT,OF,4000000
tablepa01,1992,TOR,OF,900000
tackeje01,1994,BAL,C,162500
tagucso01,2009,CHN,OF,900000
takahhi01,2013,CHN,P,4200000
takatsh01,2005,NYN,P,2500000
talbomi01,2011,CLE,P,431700
tallebr01,2011,TOR,P,750000
tamje01,2003,TOR,P,600000
tanakma01,2020,NYA,P,22000000
tananfr01,1993,NYA,P,1500000
tanketa01,2010,FLO,P,392500
tapanke01,2001,CHN,P,6500000
tarasto01,2002,NYN,OF,270000
tartada01,1997,PHI,OF,2000000
taschja01,2010,LAN,P,835000
tatajo01,2007,DET,P,391500
tateyyo01,2012,TEX,P,1000000
tatisfe01,2010,NYN,3B,850000
tatisra01,1998,TBA,P,205000
tatumcr01,2011,BAL,C,400000
tatumji01,1998,NYN,OF,225000
taubeed01,2001,CLE,C,1800000
tavarje01,1998,BAL,OF,175000
tavarju01,2009,WAS,P,500000
taverwi01,2010,WAS,OF,400000
tayloaa01,2004,SEA,P,302500
taylobi04,2001,PIT,P,2500000
tayloch03,2025,LAA,OF,512400
tayloke01,1994,SDN,P,109000
taylomi02,2025,CHA,OF,524000
taylore01,2005,TBA,OF,334000
tazawju01,2018,LAA,P,3375000
teafoev01,2015,TBA,P,488000
teagata01,2015,CHN,C,650000
teahema01,2011,TOR,OF,4750000
teherju01,2024,NYN,P,3466666
teixema01,2016,NYA,1B,23125000
tejadmi01,2013,KCA,3B,1100000
tejadru01,2019,NYN,SS,1500000
tejedro01,2011,KCA,P,1550000
tejermi01,2005,TEX,P,300000
tekulke01,1989,CIN,P,850000
telemam01,2005,PHI,P,525000
telfoan01,2002,TEX,P,1225000
telghda01,1998,OAK,P,200000
tellmto01,1985,OAK,P,207500
templga01,1991,NYN,SS,530000
terdojo01,2015,ATL,OF,507500
terrelu01,2007,CHA,OF,321000
terrewa01,1992,DET,P,109000
terrysc01,1991,SLN,P,300000
tessmja01,2002,NYA,P,210000
tettlmi01,1996,TEX,1B,1783140
teufeti01,1993,SDN,3B,762500
tewksbo01,1998,MIN,P,1750000
texeika01,2011,KCA,P,426000
thameer01,2020,WAS,1B,485900
thamema01,2011,LAN,OF,1000000
thatcjo01,2015,HOU,P,1000000
thayeda01,2015,SDN,P,1375000
theriry01,2012,SFN,OF,1250000
thielca01,2025,CHN,P,510000
thigpbo01,1994,SEA,P,200000
tholejo01,2016,TOR,C,800000
thomaan01,1990,ATL,SS,550000
thomabr01,2011,DET,P,800000
thomach01,2005,OAK,OF,319000
thomacl02,2013,MIN,OF,481000
thomafr04,2004,CHA,1B,12560000
thomago01,1986,ML4,1B,600000
thomaju01,2012,NYA,P,516000
thomala01,1997,CHA,P,130000
thomaro02,1987,SEA,P,165000
thomeji01,2012,PHI,1B,1250000
thompaa01,2015,MIN,P,520000
thompan02,2000,TOR,OF,200000
thompbr01,2010,KCA,P,650000
thompja01,1986,MON,1B,1150000
thompju02,2005,TEX,P,1420000
thompma01,2000,SLN,P,400000
thompmi02,1996,COL,OF,300000
thompmi03,2007,SDN,P,382000
thompri01,1990,MON,P,104500
thompri02,2012,TBA,OF,300000
thompri03,2012,OAK,P,495000
thompro01,1996,SFN,2B,375000
thompry01,2002,MIL,OF,275000
thompsc01,1985,MON,OF,170000
thomptr01,2023,CHA,OF,512500
thomsjo01,2007,KCA,P,500000
thondi01,1993,ML4,SS,250000
thormsc01,2007,ATL,1B,380000
thornan01,1984,CLE,1B,1100000
thornlo01,1990,NYN,OF,103000
thornma01,2016,SDN,P,1600000
thornty01,2022,MIN,P,513900
threeer01,2010,CHA,P,390000
thurmco01,2003,TOR,P,200000
thurmga01,1997,NYN,OF,250000
thurmma01,1990,SFN,P,470000
thurmmi01,2002,NYA,P,300000
thursjo01,2011,FLO,2B,475000
tibbsja01,1990,PIT,P,335000
tillmch01,2018,BAL,P,6225000
tillmru01,1988,SFN,OF,60000
timlimi01,2008,BOS,P,3000000
timmooz01,2000,TBA,OF,150000
tinglro01,1995,DET,C,280000
tinslle01,1997,SEA,OF,400000
tobinma01,2011,TEX,P,414000
tolbema01,2011,MIN,SS,425000
tolenjo01,1991,HOU,OF,118000
tolivfr01,1993,PIT,P,135000
tollbbr01,2003,SDN,P,285000
tollesh01,2016,TEX,P,3275000
tollest01,2015,TOR,SS,517300
tollewa01,1990,NYA,SS,425000
tomasya01,2017,ARI,OF,7500000
tombean01,1998,DET,OF,200000
tomkobr01,2011,TEX,P,3000000
tomlida01,1986,MON,P,60000
tomlijo01,2021,ATL,P,2250000
tomlike01,2018,SFN,SS,512500
tomlira01,1994,PIT,P,975000
tonkimi01,2025,MIN,P,515000
torcato01,2005,SFN,OF,318500
torreal01,2015,NYN,P,522900
torrean02,2013,SFN,OF,1500000
torreca01,2019,DET,P,1050000
torredi01,1995,KCA,P,109000
torrero01,2021,PHI,SS,508600
torresa01,2008,MIL,P,3333333
torrest01,2002,ATL,C,300000
torreyo01,2013,COL,C,3250000
towerjo01,2009,NYA,P,2900000
towlejr01,2011,HOU,C,424000
trabebi01,2009,BOS,P,500000
trabeji01,1989,BAL,1B,90000
trachst01,2008,BAL,P,1500000
tracyan01,2009,PHI,1B,218000
tracych01,2013,WAS,3B,1000000
trammal01,1996,DET,SS,600000
trammbu01,2003,NYA,OF,2500000
trautjo01,1988,BOS,P,62500
travide01,2018,TOR,2B,511200
treadje01,1995,MON,3B,500000
treanma01,2012,LAN,C,850000
treinbl01,2025,LAN,P,524900
tremich01,2004,HOU,C,109000
trevial01,1990,CIN,C,350000
trillma01,1989,CIN,SS,357000
trlicri01,1997,NYN,P,177500
trombmi01,2002,MIN,P,2333333
troncra01,2013,CHA,P,416000
troutmi01,2025,LAA,OF,16083333
troutst01,1989,SEA,P,990000
trubych01,2003,TBA,3B,360000
trujimi01,1989,DET,P,85000
trumbma01,2018,BAL,OF,9150000
tsaoch01,2016,LAN,P,332000
tuckeed01,1995,CLE,C,125000
tuckemi01,2006,NYN,OF,2000000
tuckepr01,2018,ATL,OF,515000
tucketj01,2005,WAS,P,657000
tudorjo01,1990,SLN,P,350000
tuiasma01,2013,DET,OF,401000
tulowtr01,2019,NYA,SS,20000000
tunnele01,1989,MIN,P,62500
tupmama01,2008,KCA,C,390000
turanbr01,1994,SEA,OF,116000
turnbde01,2008,MIL,P,3370666
turnech01,2000,NYA,C,155000
turneja01,2018,DET,P,2150000
turneju01,2025,CHN,3B,5100000
turnema01,1994,CLE,P,139000
tynerja01,2008,CLE,OF,400000
ueharko01,2017,CHN,P,9000000
ugglada01,2015,WAS,2B,507500
uguetlu01,2003,SEA,SS,200000
unroeti01,2000,ATL,OF,200000
upshawi01,1988,CLE,1B,900000
uptonbj01,2016,TOR,OF,15450000
uptonju01,2022,SEA,OF,22125000
urbanto01,1996,DET,P,180000
urbinug01,2005,PHI,P,4000000
urdanli01,2007,NYN,P,300000
uribejo01,1993,HOU,SS,400000
uribeju01,2016,CLE,3B,4000000
utleych01,2018,LAN,2B,7000000
valbulu01,2018,LAA,3B,6125000
valdeis01,2005,FLO,P,1500000
valdejo02,2015,MIA,OF,496645
valdelu01,2013,BAL,P,480000
valdema01,2001,ATL,P,375000
valdema02,2001,OAK,OF,223000
valdeme01,2011,TEX,P,409500
valdepe01,2000,TEX,OF,170000
valdera02,2014,HOU,P,505000
valdese01,1995,SFN,P,200000
valdewi01,2012,CIN,SS,930000
valenda01,2018,BAL,P,3150000
valener01,2005,NYN,OF,332000
valenfe01,1997,SLN,P,1650000
valenja01,2008,CIN,C,1250000
valenjo02,2002,NYN,SS,550000
valenjo03,2007,NYN,2B,3800000
valenjo04,2005,CIN,P,320000
valerju01,1996,KCA,P,175000
valleda01,1996,TEX,C,725000
valvejo01,2014,NYN,P,1000000
vanbejo01,2008,PIT,P,327000
vanbuty01,1994,COL,1B,109000
vandeed01,1988,TEX,P,300000
vandejo02,2004,CIN,OF,550000
vanderi01,2012,PIT,P,400000
vanegti01,1996,ML4,P,115000
vanevjo01,2010,BOS,P,400000
vangoda01,1987,BAL,C,150000
vanlawi01,1997,SFN,P,295000
vanpoto01,2004,CIN,P,300000
vanrybe01,1998,TOR,P,170000
vanslan01,1995,PHI,OF,600000
vanslsc01,2017,LAN,OF,1225000
vargacl01,2010,MIL,P,900000
vargaja01,2019,PHI,P,8500000
vargake01,2017,MIN,1B,517500
varitja01,2011,BOS,C,2000000
varshga01,1995,PHI,OF,150000
varvaan01,2015,BOS,P,576500
vasques01,2012,MIN,P,404500
vatchji01,1992,SDN,OF,115000
vaughgr01,2003,COL,OF,8750000
vaughmo01,2003,NYN,1B,17166667
vazquch01,2025,MIN,C,513000
vazquja01,2011,FLO,P,7000000
vazqura01,2009,PIT,SS,1875000
vealdo01,2015,ATL,P,516000
velanjo01,2008,CLE,SS,219500
velarra01,2002,OAK,3B,1000000
velasgu01,1993,SDN,OF,109000
velasvi01,2023,PIT,P,516000
velezeu01,2011,LAN,OF,416000
venabma01,1991,CAL,OF,412800
venabwi01,2016,LAN,OF,4250000
venafmi01,2006,COL,P,300000
ventejo01,2019,WAS,P,533000
venturo01,2004,LAN,P,1200000
ventuyo01,2016,KCA,P,1200000
verasda01,1998,BOS,P,172000
verasjo01,2014,HOU,P,3850000
verasqu01,2001,ATL,2B,3900000
veraswi01,2000,BOS,3B,200000
veresda01,2003,CHN,P,2000000
veresra01,1997,KCA,P,185000
verhadr01,2023,SLN,P,509500
verlaju01,2025,SFN,P,28000000
verrelo01,2017,BAL,P,514875
vicieda01,2014,CHA,OF,2800000
victosh01,2015,LAA,OF,13000000
vidrojo01,2008,SEA,1B,8500000
villabr01,2004,ARI,P,302000
villabr02,2013,BOS,P,502500
villaca01,2016,SDN,P,1490314
villahe01,1993,SLN,C,225000
villajo01,2022,LAA,3B,512900
villaos01,2008,HOU,P,1125000
villoro01,2009,WAS,P,600000
vinafe01,2004,DET,2B,3000000
vinceni01,2021,MIN,P,525500
violafr01,1996,TOR,P,190000
virgioz02,1990,TOR,C,275000
vitiejo01,2003,MON,OF,225000
vizcaar01,2022,KCA,P,897500
vizcajo01,2006,SLN,SS,1226158
vizcalu01,2009,CLE,P,3500000
vizquom01,2012,TOR,SS,750000
vogelry01,2016,PIT,P,2000000
vogtst01,2022,OAK,C,527500
voigtja01,1998,OAK,OF,150000
volqued01,2020,TEX,P,9500000
volstch01,2018,CHA,P,2655000
vonohda01,1987,OAK,P,68500
vosbeed01,2002,MON,P,400000
vottojo01,2023,CIN,1B,20000000
voylebr01,2003,KCA,P,200000
vuckope01,1986,ML4,P,540000
vukovge01,1985,CLE,OF,375000
wachami01,2025,KCA,P,539000
wadats01,2015,CHN,P,4000000
waddeto01,1987,CLE,P,270000
wadeco01,2012,NYA,P,508925
wadete01,1998,TBA,P,222500
waechdo01,2009,KCA,P,640000
wagnebi02,2010,ATL,P,6750000
wagnema02,1996,SEA,P,155000
wagnepa01,1999,CLE,P,450000
wagnery01,2007,WAS,P,450000
wainhda01,2000,SLN,P,250000
wainwad01,2023,SLN,P,19500000
waitsri01,1985,ML4,P,460000
wakefti01,2011,BOS,P,2000000
walbema01,2003,DET,C,400000
waldejo01,2015,SLN,P,3675000
waldrky01,2012,MIN,P,480000
walkbo01,1993,PIT,P,2175000
walkech01,1993,NYN,OF,635000
walkedu01,1988,SLN,OF,185000
walkegr01,1990,CHA,1B,718810
walkeja01,2009,BAL,P,4500000
walkeke01,2005,CHA,P,450000
walkela01,2005,SLN,OF,12666667
walkemi01,1996,DET,P,125000
walkene01,2020,PHI,P,10550000
walkepe01,2006,TOR,P,650000
walketa01,2025,PHI,P,528600
walketo04,2007,OAK,OF,450000
walkety01,2010,WAS,P,650000
wallabr01,2016,SDN,3B,1000000
wallade01,1999,KCA,P,216000
wallaje01,2001,TBA,P,400000
wallati01,1996,LAN,3B,109000
walldo01,2002,ANA,P,300000
wallide01,1991,TEX,OF,300000
walljo02,2014,LAA,P,490500
walshco02,2016,MIL,OF,507500
walteda01,1993,SDN,C,132500
waltege01,1988,SEA,P,120000
walteza01,2016,LAN,OF,509600
waltobr01,1994,COL,P,115000
waltoje01,1998,TBA,OF,385000
wangch01,2016,KCA,P,1000000
wapnist01,1991,CHA,P,100000
wardbr01,2000,ANA,P,215000
wardda01,2008,CHN,OF,1200000
warddu01,1995,TOR,P,4750000
wardga01,1990,DET,OF,537500
wardke01,1992,SDN,OF,114000
wardtu01,2000,ARI,OF,850000
wareje01,1996,TOR,P,112500
warread01,2019,SDN,P,1700000
wasdijo01,2007,PIT,P,600000
washbja01,2009,DET,P,9850000
washicl01,1990,NYA,OF,675000
washiri01,2008,SLN,OF,390000
washiro01,1989,HOU,3B,85000
washiul01,1987,PIT,SS,80000
wathajo01,1985,KCA,C,400000
watkipa01,1999,COL,OF,208000
watkisc01,1995,MIN,P,109000
watsoal01,2000,NYA,P,1700000
watsobr01,2007,WAS,OF,327000
watsoto01,2021,SFN,P,3450000
waynega01,1994,LAN,P,350000
wayneju01,2004,FLO,P,301000
weathda01,2009,MIL,P,3500000
weaveer01,2000,ANA,P,200000
weaveje01,2010,LAN,P,800000
weaveje02,2017,SDN,P,20200000
webbbr01,2009,ARI,P,3000000
webbda01,2016,CHA,P,500000
webbry01,2016,TBA,P,1000000
weberbe01,2005,CIN,P,600000
webstle01,2000,MON,C,600000
webstmi01,1995,LAN,OF,250000
wedgeer01,1993,COL,C,120000
weeksje01,2016,SDN,3B,515000
weeksri01,2017,TBA,1B,1500000
wegmabi01,1995,ML4,P,2375000
wehnejo01,2001,PIT,OF,375000
weilaky01,2012,HOU,P,481500
weisswa01,2000,ATL,SS,3000000
welchbo01,1994,OAK,P,3450000
welleto01,2010,SFN,P,1000000
wellmbr01,1989,KCA,SS,155000
wellsbo01,2002,MIN,P,1700000
wellsca01,2013,PHI,P,505400
wellsda01,2007,LAN,P,3000000
wellski01,2012,SDN,P,3100000
wellsra01,2012,CHN,P,475000
wellsve01,2013,NYA,OF,24642857
welshch01,1986,CIN,P,80000
wendetu01,2004,COL,P,700000
wengedo01,2001,PIT,P,260000
werthja01,2017,WAS,OF,21733615
wertzbi01,1994,CLE,P,109000
westbja01,2013,SLN,P,8750000
westda01,1998,BOS,P,500000
westomi01,1993,NYN,P,104500
wetheje01,1989,ATL,OF,68000
wettejo01,2000,TEX,P,6500000
wheelda01,2012,CLE,P,900000
wheelry01,2014,COL,3B,500000
wheelza01,2025,PHI,P,546250
whisema01,2000,SDN,P,450000
whitalo01,1995,DET,2B,3783334
whitede03,2001,MIL,OF,5000000
whitede04,1998,COL,OF,109000
whiteed02,1989,ATL,3B,68000
whiteel03,2014,CHN,C,425000
whitefr01,1990,KCA,OF,1150000
whitega01,2005,SLN,P,1925000
whiteje01,1986,SLN,OF,100000
whitema01,2000,CLE,OF,450000
whitema02,2005,TOR,P,375000
whitema03,2005,WAS,P,300000
whiteri01,2007,SEA,P,600000
whitero02,2007,MIN,OF,2500000
whitese02,2010,SEA,P,415000
whitety01,2019,LAN,1B,507500
whitewa02,1996,NYA,P,125000
whitfte01,1986,LAN,OF,316667
whitlch01,2018,ATL,P,524525
whitmda02,1995,FLO,OF,132000
whitsed01,1991,SDN,P,1325000
whitter01,1991,BAL,C,1200000
wickake01,1996,ML4,P,290000
wickmbo01,2007,ARI,P,6500000
widgech01,2006,BAL,C,650000
wielajo01,2016,SEA,P,590000
wietema01,2020,SLN,C,15800000
wiggial01,1987,BAL,OF,762500
wiggity01,2013,SLN,OF,2500000
wilcomi01,1986,SEA,P,150000
wilforo01,1987,SFN,2B,416667
wilheto01,2017,ARI,P,3100000
wilkebr01,2008,TOR,OF,3000000
wilkecu01,1993,KCA,SS,400000
wilkibi01,1988,SEA,P,100000
wilkide01,1991,HOU,P,104000
wilkima01,2001,PIT,P,500000
wilkiri01,2001,SDN,C,410000
willaje01,1994,SEA,C,100000
willibe02,2006,NYA,OF,1500000
willibr01,2000,CLE,P,600000
willica01,1995,MIN,P,500000
willida07,2007,NYN,P,1250000
willido03,2011,CIN,P,12000000
willied01,1998,SDN,1B,250000
willifr01,1989,DET,P,425000
willige02,2005,NYN,OF,325000
willige03,2000,SDN,C,215000
willije01,2002,LAN,P,2500000
willije02,2016,SLN,P,820000
willijo03,2014,KCA,OF,7000000
willike02,1991,MON,OF,260000
willima04,2003,ARI,3B,10000000
willima05,1994,BAL,P,350000
willima06,2000,MIL,P,200000
willima07,2021,NYN,OF,509700
willimi02,1997,KCA,P,2500000
willimi03,2003,PHI,P,3500000
willira01,2011,BOS,P,415000
willire01,1988,CLE,OF,60000
willire02,1999,ANA,OF,210000
willire03,2011,LAA,OF,775000
willisc01,2007,BAL,P,900000
willito02,2007,BAL,P,775000
williwo02,2007,HOU,P,6000000
willsfr01,1991,TOR,P,435000
wilsoal01,2019,MIL,P,522500
wilsobo02,2019,DET,C,700000
wilsobr01,2014,LAN,P,10000000
wilsocj01,2015,LAA,P,20500000
wilsocr01,1993,KCA,OF,240000
wilsocr02,2000,CHA,SS,250000
wilsocr03,2007,ATL,1B,2000000
wilsoda01,2005,SEA,C,1750000
wilsode01,1996,SFN,1B,150000
wilsoen01,2005,CHN,SS,700000
wilsogl01,1993,PIT,OF,750000
wilsoja02,2012,ATL,SS,1000000
wilsojo03,2015,DET,SS,420000
wilsoju10,2025,BOS,P,1525000
wilsokr01,2006,NYA,P,311000
wilsomo01,1991,TOR,OF,1625000
wilsoni01,1996,CLE,OF,125000
wilsopa02,2005,CIN,P,3750000
wilsopr01,2007,SLN,OF,1000000
wilsost01,1993,LAN,P,350000
wilsoto02,2004,LAN,C,316000
wilsotr01,1998,ANA,P,225000
wilsoty01,2017,BAL,P,511500
wilsova01,2006,DET,C,950000
wilsowi02,1994,CHN,OF,700000
winchsc01,2001,CIN,P,202000
winfida01,1994,MIN,OF,600000
winklda01,2021,CHN,P,508500
winnihe01,1992,BOS,OF,525000
winnji01,1988,MIN,P,140000
winnra01,2010,SLN,OF,1100000
winstda01,1998,PHI,P,170000
wintema01,1989,KCA,OF,68000
wisede01,2013,CHA,OF,700000
wisema01,2008,NYN,P,1200000
wislema01,2022,TBA,P,507500
witasja01,2007,TBA,P,1500000
withrch01,2016,ATL,P,506600
wittbo01,2001,ARI,P,500000
wittmi01,1993,NYA,P,2166667
wohlema01,2002,CLE,P,2600000
wohlfji01,1986,MON,OF,350000
wojcist01,1997,OAK,P,154000
wojnaed01,1989,CLE,P,77500
wolcobo01,1999,BOS,P,195000
wolfebr01,2009,TOR,P,395500
wolfra02,2015,DET,P,9500000
wolteto01,2022,LAN,C,507500
womacto01,2006,CHN,2B,2000000
wongko01,2023,LAN,2B,1250000
woodabr01,1999,CHN,P,200000
woodal02,2024,OAK,P,530000
woodast01,2003,BOS,P,550000
woodbl01,2018,LAA,P,600000
woodbr01,2011,PIT,SS,420000
woodja02,2007,FLO,P,390000
woodke02,2012,CHN,P,3000000
woodmi01,2007,TEX,P,420000
woodsga01,1985,CHN,OF,325000
woodsja01,2008,SEA,P,332000
woodstr01,1993,SLN,3B,150000
woodte01,1993,MON,OF,109000
woodtr01,2017,SDN,P,6170000
woodwch01,2011,TOR,SS,850000
wootero01,2015,MIL,P,509500
wootesh01,2005,BOS,C,575000
workmbr01,2021,BOS,P,539500
worleva01,2017,MIA,P,2600000
worreti01,2006,SFN,P,1750000
worreto01,1997,LAN,P,3750000
worthcr01,1996,TEX,3B,167500
worthda01,2016,HOU,SS,482000
wrighda02,2004,CHA,P,340000
wrighda03,2018,NYN,3B,19364801
wrighge03,1986,MON,OF,400000
wrighja01,2014,LAN,P,1800000
wrighja02,2007,BAL,P,7000000
wrighmi01,2021,CHA,P,510500
wrighri01,1986,TEX,P,70000
wrighst01,2019,BOS,P,514500
wrighwe01,2015,LAA,P,1700000
wronari01,1994,ML4,C,100000
wuertmi01,2011,OAK,P,2800000
wunscke01,2005,LAN,P,550000
wynegbu01,1988,CAL,C,733333
wynnema01,1990,CHN,OF,525000
yabuke01,2008,SFN,P,390000
yabutya01,2009,KCA,P,2500000
yanes01,2006,CIN,P,1250000
yateski01,2025,LAN,P,511900
yatesty01,2009,PIT,P,1300000
yeagest01,1986,SEA,C,412809
yeldier01,1993,CHN,SS,225000
yelicch01,2025,MIL,OF,1000000
yettri01,1990,MIN,P,120000
yorkmi01,1991,CLE,P,104000
yoshima01,2002,MON,P,300000
youklke01,2013,NYA,3B,12000000
youmafl01,1989,PHI,P,160000
youngan01,1996,HOU,P,275000
youngch03,2017,KCA,P,4250000
youngch04,2018,LAA,OF,6500000
youngcl01,1993,CLE,P,125000
youngcu01,1993,OAK,P,325000
youngda01,2000,CHN,P,200000
youngde03,2015,BAL,OF,2250000
youngde04,2010,PIT,OF,444500
youngdm01,2008,WAS,1B,5000000
younger01,2006,TEX,OF,700000
younger02,1999,ARI,OF,450000
younger03,2018,LAA,OF,1000000
youngge02,1994,SLN,OF,310000
youngjo02,1989,CIN,OF,320000
youngke01,2003,PIT,OF,6625000
youngma01,1993,CLE,P,2266667
youngma02,2012,DET,OF,414000
youngmi01,1989,CLE,OF,150000
youngmi02,2013,LAN,SS,18374975
yountro01,1993,ML4,OF,2700000
zagurmi01,2018,MIL,P,400000
zahnge01,1985,CAL,P,550000
zambrca01,2012,MIA,P,19000000
zambred01,1994,CHN,OF,112000
zambrvi01,2007,BAL,P,500000
zaungr01,2010,MIL,C,1900000
zeileto01,2004,NYN,P,1000000
zerbech01,2003,SFN,P,317000
zieglbr01,2018,ARI,P,5500000
zimmeje02,2001,TEX,P,4466667
zimmejo01,1999,SEA,P,401000
zimmejo02,2021,MIL,P,18000000
zimmery01,2021,WAS,1B,14000000
ziskri01,1980,TEX,OF,272500
zitoba01,2015,OAK,P,20000000
zobribe01,2019,CHN,SS,10500000
zoskyed01,1999,MIL,3B,109000
zuberjo01,1998,PHI,OF,109000
zuletju01,2001,CHN,1B,200000
zumayjo01,2010,DET,P,1400000
zuninmi01,2023,CLE,C,523500
zupcibo01,1994,CHA,OF,222000
zuvelpa01,1991,KCA,3B,145000
zychto01,2017,SEA,P,511000
